filename,category,mean,std,energy,sparsity,prompt
Beverages_0000.png,Beverages,0.4295463562011719,0.25340035557746887,0.24872171878814697,0.034590404480695724,"realistic photo of beverage section in supermarket, bottles and cartons with visible branding, real lighting from ceiling lamps, bokeh background, handheld shot"
Beverages_0001.png,Beverages,0.47477445006370544,0.23900552093982697,0.2825343608856201,3.941853719879873e-05,"realistic photo of beverage section in supermarket, bottles and cartons with visible branding, real lighting from ceiling lamps, bokeh background, handheld shot"
Beverages_0002.png,Beverages,0.43237200379371643,0.25140875577926636,0.2501518428325653,0.048025768250226974,"photo of milk bottles, juice boxes and soft drink cans on supermarket shelf, real grocery store lighting, handheld camera photo, visible price tags, slightly tilted angle, realistic reflections, depth of field, natural colors"
Beverages_0003.png,Beverages,0.44561639428138733,0.2703171670436859,0.2716452181339264,0.014462788589298725,"photo of milk bottles, juice boxes and soft drink cans on supermarket shelf, real grocery store lighting, handheld camera photo, visible price tags, slightly tilted angle, realistic reflections, depth of field, natural colors"
Beverages_0004.png,Beverages,0.4404124319553375,0.2627928853034973,0.26302313804626465,0.03524525836110115,"photo of milk bottles, juice boxes and soft drink cans on supermarket shelf, real grocery store lighting, handheld camera photo, visible price tags, slightly tilted angle, realistic reflections, depth of field, natural colors"
Beverages_0005.png,Beverages,0.46156206727027893,0.25187045335769653,0.27647820115089417,0.031607311218976974,"photo of milk bottles, juice boxes and soft drink cans on supermarket shelf, real grocery store lighting, handheld camera photo, visible price tags, slightly tilted angle, realistic reflections, depth of field, natural colors"
Beverages_0006.png,Beverages,0.35877498984336853,0.2733008861541748,0.20341277122497559,0.10177739709615707,"realistic photo of beverage section in supermarket, bottles and cartons with visible branding, real lighting from ceiling lamps, bokeh background, handheld shot"
Beverages_0007.png,Beverages,0.4131722152233124,0.24340187013149261,0.22995565831661224,0.0067291259765625,"photo of milk bottles, juice boxes and soft drink cans on supermarket shelf, real grocery store lighting, handheld camera photo, visible price tags, slightly tilted angle, realistic reflections, depth of field, natural colors"
Beverages_0008.png,Beverages,0.44343915581703186,0.2585597634315491,0.26349136233329773,0.0549825020134449,"photo of milk bottles, juice boxes and soft drink cans on supermarket shelf, real grocery store lighting, handheld camera photo, visible price tags, slightly tilted angle, realistic reflections, depth of field, natural colors"
Beverages_0009.png,Beverages,0.4372214376926422,0.258548766374588,0.2580099403858185,0.024819692596793175,"photo of milk bottles, juice boxes and soft drink cans on supermarket shelf, real grocery store lighting, handheld camera photo, visible price tags, slightly tilted angle, realistic reflections, depth of field, natural colors"
Beverages_0010.png,Beverages,0.4151080548763275,0.2291489690542221,0.22482390701770782,0.012453715316951275,"photo of milk bottles, juice boxes and soft drink cans on supermarket shelf, real grocery store lighting, handheld camera photo, visible price tags, slightly tilted angle, realistic reflections, depth of field, natural colors"
Beverages_0011.png,Beverages,0.4149603843688965,0.2740013599395752,0.24726875126361847,0.02824910543859005,"photo of milk bottles, juice boxes and soft drink cans on supermarket shelf, real grocery store lighting, handheld camera photo, visible price tags, slightly tilted angle, realistic reflections, depth of field, natural colors"
Beverages_0012.png,Beverages,0.44610491394996643,0.26365065574645996,0.26852118968963623,0.03236134722828865,"realistic photo of beverage section in supermarket, bottles and cartons with visible branding, real lighting from ceiling lamps, bokeh background, handheld shot"
Beverages_0013.png,Beverages,0.40179309248924255,0.24317994713783264,0.22057409584522247,0.00508880615234375,"photo of milk bottles, juice boxes and soft drink cans on supermarket shelf, real grocery store lighting, handheld camera photo, visible price tags, slightly tilted angle, realistic reflections, depth of field, natural colors"
Beverages_0014.png,Beverages,0.42141255736351013,0.2510242760181427,0.24060164391994476,0.0012296041240915656,"photo of milk bottles, juice boxes and soft drink cans on supermarket shelf, real grocery store lighting, handheld camera photo, visible price tags, slightly tilted angle, realistic reflections, depth of field, natural colors"
Beverages_0015.png,Beverages,0.41218551993370056,0.25530150532722473,0.23507565259933472,2.1616617232211865e-05,"realistic photo of beverage section in supermarket, bottles and cartons with visible branding, real lighting from ceiling lamps, bokeh background, handheld shot"
Beverages_0016.png,Beverages,0.40628015995025635,0.2488679587841034,0.22699876129627228,1.6530355424038135e-05,"realistic photo of beverage section in supermarket, bottles and cartons with visible branding, real lighting from ceiling lamps, bokeh background, handheld shot"
Beverages_0017.png,Beverages,0.3901701271533966,0.24084408581256866,0.2102385312318802,0.02520243264734745,"photo of milk bottles, juice boxes and soft drink cans on supermarket shelf, real grocery store lighting, handheld camera photo, visible price tags, slightly tilted angle, realistic reflections, depth of field, natural colors"
Beverages_0018.png,Beverages,0.39445236325263977,0.2538512945175171,0.22003304958343506,0.00040944418287836015,"realistic photo of beverage section in supermarket, bottles and cartons with visible branding, real lighting from ceiling lamps, bokeh background, handheld shot"
Beverages_0019.png,Beverages,0.43357887864112854,0.25830143690109253,0.25471019744873047,0.0026702880859375,"photo of milk bottles, juice boxes and soft drink cans on supermarket shelf, real grocery store lighting, handheld camera photo, visible price tags, slightly tilted angle, realistic reflections, depth of field, natural colors"
Beverages_0020.png,Beverages,0.43414103984832764,0.24956968426704407,0.2507633864879608,0.0008951823110692203,"photo of milk bottles, juice boxes and soft drink cans on supermarket shelf, real grocery store lighting, handheld camera photo, visible price tags, slightly tilted angle, realistic reflections, depth of field, natural colors"
Beverages_0021.png,Beverages,0.45685267448425293,0.25559666752815247,0.2740439474582672,5.086262899567373e-05,"realistic photo of beverage section in supermarket, bottles and cartons with visible branding, real lighting from ceiling lamps, bokeh background, handheld shot"
Beverages_0022.png,Beverages,0.3902512788772583,0.25480660796165466,0.21722234785556793,0.07220840454101562,"realistic photo of beverage section in supermarket, bottles and cartons with visible branding, real lighting from ceiling lamps, bokeh background, handheld shot"
Beverages_0023.png,Beverages,0.4329151213169098,0.24540108442306519,0.2476370930671692,0.0039545693434774876,"realistic photo of beverage section in supermarket, bottles and cartons with visible branding, real lighting from ceiling lamps, bokeh background, handheld shot"
Beverages_0024.png,Beverages,0.39761409163475037,0.2740928828716278,0.23322373628616333,3.941853719879873e-05,"realistic photo of beverage section in supermarket, bottles and cartons with visible branding, real lighting from ceiling lamps, bokeh background, handheld shot"
Beverages_0025.png,Beverages,0.422717422246933,0.27407509088516235,0.25380709767341614,0.008092244155704975,"photo of milk bottles, juice boxes and soft drink cans on supermarket shelf, real grocery store lighting, handheld camera photo, visible price tags, slightly tilted angle, realistic reflections, depth of field, natural colors"
Beverages_0026.png,Beverages,0.4428389072418213,0.2307707667350769,0.24936135113239288,9.409586346009746e-05,"realistic photo of beverage section in supermarket, bottles and cartons with visible branding, real lighting from ceiling lamps, bokeh background, handheld shot"
Beverages_0027.png,Beverages,0.4269670248031616,0.26254594326019287,0.2512311041355133,0.0041046142578125,"photo of milk bottles, juice boxes and soft drink cans on supermarket shelf, real grocery store lighting, handheld camera photo, visible price tags, slightly tilted angle, realistic reflections, depth of field, natural colors"
Beverages_0028.png,Beverages,0.47482502460479736,0.2901597023010254,0.30965134501457214,0.01283137034624815,"photo of milk bottles, juice boxes and soft drink cans on supermarket shelf, real grocery store lighting, handheld camera photo, visible price tags, slightly tilted angle, realistic reflections, depth of field, natural colors"
Beverages_0029.png,Beverages,0.42277851700782776,0.26965463161468506,0.2514551877975464,0.059892017394304276,"photo of milk bottles, juice boxes and soft drink cans on supermarket shelf, real grocery store lighting, handheld camera photo, visible price tags, slightly tilted angle, realistic reflections, depth of field, natural colors"
Beverages_0030.png,Beverages,0.39114847779273987,0.22266778349876404,0.20257800817489624,0.0,"realistic photo of beverage section in supermarket, bottles and cartons with visible branding, real lighting from ceiling lamps, bokeh background, handheld shot"
Beverages_0031.png,Beverages,0.4739738404750824,0.23292869329452515,0.278906911611557,3.814697265625e-06,"realistic photo of beverage section in supermarket, bottles and cartons with visible branding, real lighting from ceiling lamps, bokeh background, handheld shot"
Beverages_0032.png,Beverages,0.412992388010025,0.25907835364341736,0.2376842349767685,5.213419717620127e-05,"realistic photo of beverage section in supermarket, bottles and cartons with visible branding, real lighting from ceiling lamps, bokeh background, handheld shot"
Beverages_0033.png,Beverages,0.39288273453712463,0.2573087513446808,0.2205645591020584,0.000324249267578125,"realistic photo of beverage section in supermarket, bottles and cartons with visible branding, real lighting from ceiling lamps, bokeh background, handheld shot"
Beverages_0034.png,Beverages,0.4967077076435089,0.2594779431819916,0.314047247171402,0.035332996398210526,"realistic photo of beverage section in supermarket, bottles and cartons with visible branding, real lighting from ceiling lamps, bokeh background, handheld shot"
Beverages_0035.png,Beverages,0.40293481945991516,0.27944791316986084,0.2404475212097168,0.033379871398210526,"realistic photo of beverage section in supermarket, bottles and cartons with visible branding, real lighting from ceiling lamps, bokeh background, handheld shot"
Beverages_0036.png,Beverages,0.46822822093963623,0.27028506994247437,0.2922915518283844,0.009929656982421875,"realistic photo of beverage section in supermarket, bottles and cartons with visible branding, real lighting from ceiling lamps, bokeh background, handheld shot"
Beverages_0037.png,Beverages,0.3785143196582794,0.25859102606773376,0.2101423591375351,0.01513799000531435,"realistic photo of beverage section in supermarket, bottles and cartons with visible branding, real lighting from ceiling lamps, bokeh background, handheld shot"
Beverages_0038.png,Beverages,0.44172167778015137,0.22555133700370789,0.24599139392375946,2.543131586207892e-06,"realistic photo of beverage section in supermarket, bottles and cartons with visible branding, real lighting from ceiling lamps, bokeh background, handheld shot"
Beverages_0039.png,Beverages,0.40924370288848877,0.25740551948547363,0.23373794555664062,3.178914266754873e-05,"realistic photo of beverage section in supermarket, bottles and cartons with visible branding, real lighting from ceiling lamps, bokeh background, handheld shot"
Beverages_0040.png,Beverages,0.4664120674133301,0.2442161589860916,0.27718162536621094,0.000370025634765625,"photo of milk bottles, juice boxes and soft drink cans on supermarket shelf, real grocery store lighting, handheld camera photo, visible price tags, slightly tilted angle, realistic reflections, depth of field, natural colors"
Beverages_0041.png,Beverages,0.41006192564964294,0.26661184430122375,0.23923254013061523,0.028753915801644325,"photo of milk bottles, juice boxes and soft drink cans on supermarket shelf, real grocery store lighting, handheld camera photo, visible price tags, slightly tilted angle, realistic reflections, depth of field, natural colors"
Beverages_0042.png,Beverages,0.39061498641967773,0.2532155215740204,0.21669809520244598,0.0045026144944131374,"realistic photo of beverage section in supermarket, bottles and cartons with visible branding, real lighting from ceiling lamps, bokeh background, handheld shot"
Beverages_0043.png,Beverages,0.39976373314857483,0.23560786247253418,0.21532203257083893,0.0020421345252543688,"realistic photo of beverage section in supermarket, bottles and cartons with visible branding, real lighting from ceiling lamps, bokeh background, handheld shot"
Beverages_0044.png,Beverages,0.428932785987854,0.26052385568618774,0.2518559396266937,0.03289540484547615,"realistic photo of beverage section in supermarket, bottles and cartons with visible branding, real lighting from ceiling lamps, bokeh background, handheld shot"
Beverages_0045.png,Beverages,0.49075111746788025,0.24057458341121674,0.29871273040771484,0.00196075439453125,"realistic photo of beverage section in supermarket, bottles and cartons with visible branding, real lighting from ceiling lamps, bokeh background, handheld shot"
Beverages_0046.png,Beverages,0.4488602876663208,0.26739540696144104,0.27297577261924744,0.01439030934125185,"realistic photo of beverage section in supermarket, bottles and cartons with visible branding, real lighting from ceiling lamps, bokeh background, handheld shot"
Beverages_0047.png,Beverages,0.3724353015422821,0.23580686748027802,0.19431282579898834,0.000141143798828125,"realistic photo of beverage section in supermarket, bottles and cartons with visible branding, real lighting from ceiling lamps, bokeh background, handheld shot"
Beverages_0048.png,Beverages,0.43883514404296875,0.26593631505966187,0.26329824328422546,0.04211171343922615,"photo of milk bottles, juice boxes and soft drink cans on supermarket shelf, real grocery store lighting, handheld camera photo, visible price tags, slightly tilted angle, realistic reflections, depth of field, natural colors"
Beverages_0049.png,Beverages,0.38782480359077454,0.25000929832458496,0.2129126638174057,0.02208709716796875,"realistic photo of beverage section in supermarket, bottles and cartons with visible branding, real lighting from ceiling lamps, bokeh background, handheld shot"
Beverages_0050.png,Beverages,0.3870982229709625,0.26736781001091003,0.221330463886261,0.004802703857421875,"realistic photo of beverage section in supermarket, bottles and cartons with visible branding, real lighting from ceiling lamps, bokeh background, handheld shot"
Beverages_0051.png,Beverages,0.40344753861427307,0.25482499599456787,0.22770559787750244,0.015110015869140625,"photo of milk bottles, juice boxes and soft drink cans on supermarket shelf, real grocery store lighting, handheld camera photo, visible price tags, slightly tilted angle, realistic reflections, depth of field, natural colors"
Beverages_0052.png,Beverages,0.4087592363357544,0.2813706696033478,0.24625347554683685,0.0021044414024800062,"photo of milk bottles, juice boxes and soft drink cans on supermarket shelf, real grocery store lighting, handheld camera photo, visible price tags, slightly tilted angle, realistic reflections, depth of field, natural colors"
Beverages_0053.png,Beverages,0.4553304612636566,0.28346285223960876,0.2876769006252289,0.055444080382585526,"photo of milk bottles, juice boxes and soft drink cans on supermarket shelf, real grocery store lighting, handheld camera photo, visible price tags, slightly tilted angle, realistic reflections, depth of field, natural colors"
Beverages_0054.png,Beverages,0.40474942326545715,0.23228833079338074,0.21777991950511932,0.001834869384765625,"realistic photo of beverage section in supermarket, bottles and cartons with visible branding, real lighting from ceiling lamps, bokeh background, handheld shot"
Beverages_0055.png,Beverages,0.4100858271121979,0.26800787448883057,0.23999853432178497,0.008837382309138775,"photo of milk bottles, juice boxes and soft drink cans on supermarket shelf, real grocery store lighting, handheld camera photo, visible price tags, slightly tilted angle, realistic reflections, depth of field, natural colors"
Beverages_0056.png,Beverages,0.35029494762420654,0.244320809841156,0.18239913880825043,0.0002593994140625,"realistic photo of beverage section in supermarket, bottles and cartons with visible branding, real lighting from ceiling lamps, bokeh background, handheld shot"
Beverages_0057.png,Beverages,0.4174681007862091,0.20478695631027222,0.21621723473072052,3.814697265625e-06,"photo of milk bottles, juice boxes and soft drink cans on supermarket shelf, real grocery store lighting, handheld camera photo, visible price tags, slightly tilted angle, realistic reflections, depth of field, natural colors"
Beverages_0058.png,Beverages,0.38832926750183105,0.21859049797058105,0.19858135282993317,0.0,"realistic photo of beverage section in supermarket, bottles and cartons with visible branding, real lighting from ceiling lamps, bokeh background, handheld shot"
Beverages_0059.png,Beverages,0.48039063811302185,0.2509491443634033,0.29375049471855164,0.024748483672738075,"realistic photo of beverage section in supermarket, bottles and cartons with visible branding, real lighting from ceiling lamps, bokeh background, handheld shot"
Beverages_0060.png,Beverages,0.43940964341163635,0.23900732398033142,0.25020524859428406,0.00965118408203125,"photo of milk bottles, juice boxes and soft drink cans on supermarket shelf, real grocery store lighting, handheld camera photo, visible price tags, slightly tilted angle, realistic reflections, depth of field, natural colors"
Beverages_0061.png,Beverages,0.43993130326271057,0.23045547306537628,0.24664920568466187,0.0070177712477743626,"realistic photo of beverage section in supermarket, bottles and cartons with visible branding, real lighting from ceiling lamps, bokeh background, handheld shot"
Beverages_0062.png,Beverages,0.4530416429042816,0.24211463332176208,0.2638660967350006,0.000560760498046875,"realistic photo of beverage section in supermarket, bottles and cartons with visible branding, real lighting from ceiling lamps, bokeh background, handheld shot"
Beverages_0063.png,Beverages,0.4300856590270996,0.25424724817276,0.24961526691913605,0.0079561872407794,"realistic photo of beverage section in supermarket, bottles and cartons with visible branding, real lighting from ceiling lamps, bokeh background, handheld shot"
Beverages_0064.png,Beverages,0.45774778723716736,0.28908291459083557,0.29310181736946106,0.0020154316443949938,"photo of milk bottles, juice boxes and soft drink cans on supermarket shelf, real grocery store lighting, handheld camera photo, visible price tags, slightly tilted angle, realistic reflections, depth of field, natural colors"
Beverages_0065.png,Beverages,0.4254026710987091,0.24070043861865997,0.23890404403209686,0.01089350413531065,"realistic photo of beverage section in supermarket, bottles and cartons with visible branding, real lighting from ceiling lamps, bokeh background, handheld shot"
Beverages_0066.png,Beverages,0.4524255692958832,0.2583571672439575,0.2714371979236603,0.039635974913835526,"photo of milk bottles, juice boxes and soft drink cans on supermarket shelf, real grocery store lighting, handheld camera photo, visible price tags, slightly tilted angle, realistic reflections, depth of field, natural colors"
Beverages_0067.png,Beverages,0.38411298394203186,0.25962570309638977,0.21494825184345245,0.01182683277875185,"realistic photo of beverage section in supermarket, bottles and cartons with visible branding, real lighting from ceiling lamps, bokeh background, handheld shot"
Beverages_0068.png,Beverages,0.40510478615760803,0.2569558620452881,0.23013614118099213,0.017912546172738075,"photo of milk bottles, juice boxes and soft drink cans on supermarket shelf, real grocery store lighting, handheld camera photo, visible price tags, slightly tilted angle, realistic reflections, depth of field, natural colors"
Beverages_0069.png,Beverages,0.4315964877605438,0.2809189260005951,0.26519086956977844,0.032271068543195724,"photo of milk bottles, juice boxes and soft drink cans on supermarket shelf, real grocery store lighting, handheld camera photo, visible price tags, slightly tilted angle, realistic reflections, depth of field, natural colors"
Beverages_0070.png,Beverages,0.43243345618247986,0.23986883461475372,0.2445356845855713,0.00017674763512331992,"realistic photo of beverage section in supermarket, bottles and cartons with visible branding, real lighting from ceiling lamps, bokeh background, handheld shot"
Beverages_0071.png,Beverages,0.4407045841217041,0.3018955886363983,0.28536131978034973,0.031169891357421875,"realistic photo of beverage section in supermarket, bottles and cartons with visible branding, real lighting from ceiling lamps, bokeh background, handheld shot"
Beverages_0072.png,Beverages,0.4125595986843109,0.27407771348953247,0.24532391130924225,0.038567859679460526,"photo of milk bottles, juice boxes and soft drink cans on supermarket shelf, real grocery store lighting, handheld camera photo, visible price tags, slightly tilted angle, realistic reflections, depth of field, natural colors"
Beverages_0073.png,Beverages,0.40634122490882874,0.26381510496139526,0.23471152782440186,0.0021845500450581312,"realistic photo of beverage section in supermarket, bottles and cartons with visible branding, real lighting from ceiling lamps, bokeh background, handheld shot"
Beverages_0074.png,Beverages,0.43348100781440735,0.28982603549957275,0.2719047963619232,0.03839874267578125,"photo of milk bottles, juice boxes and soft drink cans on supermarket shelf, real grocery store lighting, handheld camera photo, visible price tags, slightly tilted angle, realistic reflections, depth of field, natural colors"
Beverages_0075.png,Beverages,0.40057894587516785,0.2356107085943222,0.215975821018219,0.00027974447584711015,"realistic photo of beverage section in supermarket, bottles and cartons with visible branding, real lighting from ceiling lamps, bokeh background, handheld shot"
Beverages_0076.png,Beverages,0.3409816026687622,0.23800444602966309,0.1729145050048828,0.06569290161132812,"realistic photo of beverage section in supermarket, bottles and cartons with visible branding, real lighting from ceiling lamps, bokeh background, handheld shot"
Beverages_0077.png,Beverages,0.41422393918037415,0.24666281044483185,0.23242394626140594,0.0276972446590662,"realistic photo of beverage section in supermarket, bottles and cartons with visible branding, real lighting from ceiling lamps, bokeh background, handheld shot"
Beverages_0078.png,Beverages,0.35316094756126404,0.24709537625312805,0.1857786923646927,0.0033404033165425062,"realistic photo of beverage section in supermarket, bottles and cartons with visible branding, real lighting from ceiling lamps, bokeh background, handheld shot"
Beverages_0079.png,Beverages,0.4690817594528198,0.21985863149166107,0.2683754563331604,0.0035260517615824938,"realistic photo of beverage section in supermarket, bottles and cartons with visible branding, real lighting from ceiling lamps, bokeh background, handheld shot"
Beverages_0080.png,Beverages,0.4113364517688751,0.24792997539043427,0.2306668907403946,8.646646892884746e-05,"realistic photo of beverage section in supermarket, bottles and cartons with visible branding, real lighting from ceiling lamps, bokeh background, handheld shot"
Beverages_0081.png,Beverages,0.4062146246433258,0.2475392371416092,0.226285919547081,0.00884882640093565,"realistic photo of beverage section in supermarket, bottles and cartons with visible branding, real lighting from ceiling lamps, bokeh background, handheld shot"
Beverages_0082.png,Beverages,0.4208582639694214,0.2849947512149811,0.25834354758262634,0.041670482605695724,"realistic photo of beverage section in supermarket, bottles and cartons with visible branding, real lighting from ceiling lamps, bokeh background, handheld shot"
Beverages_0083.png,Beverages,0.40192827582359314,0.27623024582862854,0.2378493696451187,0.058015186339616776,"realistic photo of beverage section in supermarket, bottles and cartons with visible branding, real lighting from ceiling lamps, bokeh background, handheld shot"
Beverages_0084.png,Beverages,0.4426013231277466,0.2790655791759491,0.2737734615802765,0.0796407088637352,"photo of milk bottles, juice boxes and soft drink cans on supermarket shelf, real grocery store lighting, handheld camera photo, visible price tags, slightly tilted angle, realistic reflections, depth of field, natural colors"
Beverages_0085.png,Beverages,0.451614648103714,0.26305636763572693,0.2731544077396393,0.0058046975173056126,"realistic photo of beverage section in supermarket, bottles and cartons with visible branding, real lighting from ceiling lamps, bokeh background, handheld shot"
Beverages_0086.png,Beverages,0.48879358172416687,0.22612935304641724,0.2900535464286804,0.002544403076171875,"realistic photo of beverage section in supermarket, bottles and cartons with visible branding, real lighting from ceiling lamps, bokeh background, handheld shot"
Beverages_0087.png,Beverages,0.4827052056789398,0.23524044454097748,0.2883422374725342,0.0122464494779706,"realistic photo of beverage section in supermarket, bottles and cartons with visible branding, real lighting from ceiling lamps, bokeh background, handheld shot"
Beverages_0088.png,Beverages,0.4259498119354248,0.26135876774787903,0.2497415691614151,0.0080172223970294,"photo of milk bottles, juice boxes and soft drink cans on supermarket shelf, real grocery store lighting, handheld camera photo, visible price tags, slightly tilted angle, realistic reflections, depth of field, natural colors"
Beverages_0089.png,Beverages,0.47333991527557373,0.24833142757415771,0.2857190668582916,0.02216593362390995,"realistic photo of beverage section in supermarket, bottles and cartons with visible branding, real lighting from ceiling lamps, bokeh background, handheld shot"
Beverages_0090.png,Beverages,0.3700847327709198,0.2313356101512909,0.19047880172729492,7.62939453125e-05,"realistic photo of beverage section in supermarket, bottles and cartons with visible branding, real lighting from ceiling lamps, bokeh background, handheld shot"
Beverages_0091.png,Beverages,0.4105023443698883,0.23483815789222717,0.22366106510162354,0.0011723836651071906,"realistic photo of beverage section in supermarket, bottles and cartons with visible branding, real lighting from ceiling lamps, bokeh background, handheld shot"
Beverages_0092.png,Beverages,0.46252453327178955,0.2221764177083969,0.26329120993614197,0.00944646168500185,"realistic photo of beverage section in supermarket, bottles and cartons with visible branding, real lighting from ceiling lamps, bokeh background, handheld shot"
Beverages_0093.png,Beverages,0.43814146518707275,0.24416019022464752,0.2515820264816284,0.0073038735426962376,"realistic photo of beverage section in supermarket, bottles and cartons with visible branding, real lighting from ceiling lamps, bokeh background, handheld shot"
Beverages_0094.png,Beverages,0.5021443963050842,0.2433779388666153,0.3113817274570465,0.018589019775390625,"realistic photo of beverage section in supermarket, bottles and cartons with visible branding, real lighting from ceiling lamps, bokeh background, handheld shot"
Beverages_0095.png,Beverages,0.4116377532482147,0.2594304382801056,0.23674969375133514,0.0005582173471339047,"photo of milk bottles, juice boxes and soft drink cans on supermarket shelf, real grocery store lighting, handheld camera photo, visible price tags, slightly tilted angle, realistic reflections, depth of field, natural colors"
Beverages_0096.png,Beverages,0.40811845660209656,0.2347608506679535,0.22167320549488068,0.0360260009765625,"realistic photo of beverage section in supermarket, bottles and cartons with visible branding, real lighting from ceiling lamps, bokeh background, handheld shot"
Beverages_0097.png,Beverages,0.393200159072876,0.2476034313440323,0.21591372787952423,0.031494140625,"realistic photo of beverage section in supermarket, bottles and cartons with visible branding, real lighting from ceiling lamps, bokeh background, handheld shot"
Beverages_0098.png,Beverages,0.39952683448791504,0.2479235678911209,0.22108769416809082,0.00919977854937315,"photo of milk bottles, juice boxes and soft drink cans on supermarket shelf, real grocery store lighting, handheld camera photo, visible price tags, slightly tilted angle, realistic reflections, depth of field, natural colors"
Beverages_0099.png,Beverages,0.42089805006980896,0.24650786817073822,0.23792119324207306,0.0262298583984375,"photo of milk bottles, juice boxes and soft drink cans on supermarket shelf, real grocery store lighting, handheld camera photo, visible price tags, slightly tilted angle, realistic reflections, depth of field, natural colors"
Snacks_0000.png,Snacks,0.42768216133117676,0.2565748393535614,0.24874259531497955,0.018451690673828125,"real photo of snack aisle in supermarket, bags of chips and cookies with visible price tags, realistic store lighting, handheld DSLR photo, shelf reflections, grocery background"
Snacks_0001.png,Snacks,0.459780216217041,0.2335895597934723,0.2659618556499481,0.00116729736328125,"real photo of snack aisle in supermarket, bags of chips and cookies with visible price tags, realistic store lighting, handheld DSLR photo, shelf reflections, grocery background"
Snacks_0002.png,Snacks,0.44912099838256836,0.21689388155937195,0.24875254929065704,0.026877084746956825,"real photo of snack aisle in supermarket, bags of chips and cookies with visible price tags, realistic store lighting, handheld DSLR photo, shelf reflections, grocery background"
Snacks_0003.png,Snacks,0.4537707269191742,0.21922995150089264,0.2539695203304291,3.687540811370127e-05,"real photo of snack aisle in supermarket, bags of chips and cookies with visible price tags, realistic store lighting, handheld DSLR photo, shelf reflections, grocery background"
Snacks_0004.png,Snacks,0.44522878527641296,0.25573039054870605,0.2636266052722931,0.043890636414289474,"real photo of snack aisle in supermarket, bags of chips and cookies with visible price tags, realistic store lighting, handheld DSLR photo, shelf reflections, grocery background"
Snacks_0005.png,Snacks,0.48181113600730896,0.24323251843452454,0.29130399227142334,0.0141359968110919,"photo of colorful snack packages on store shelf, wide angle shot, realistic focus and depth, ambient fluorescent lighting, high detail, natural photo"
Snacks_0006.png,Snacks,0.4504587650299072,0.27080801129341125,0.2762499749660492,0.0129941301420331,"photo of colorful snack packages on store shelf, wide angle shot, realistic focus and depth, ambient fluorescent lighting, high detail, natural photo"
Snacks_0007.png,Snacks,0.4315614402294159,0.23006105422973633,0.2391732931137085,4.1961669921875e-05,"photo of colorful snack packages on store shelf, wide angle shot, realistic focus and depth, ambient fluorescent lighting, high detail, natural photo"
Snacks_0008.png,Snacks,0.4876147210597992,0.210979163646698,0.28228023648262024,0.015302021987736225,"real photo of snack aisle in supermarket, bags of chips and cookies with visible price tags, realistic store lighting, handheld DSLR photo, shelf reflections, grocery background"
Snacks_0009.png,Snacks,0.3966640532016754,0.21982455253601074,0.20566518604755402,6.357828624459216e-06,"real photo of snack aisle in supermarket, bags of chips and cookies with visible price tags, realistic store lighting, handheld DSLR photo, shelf reflections, grocery background"
Snacks_0010.png,Snacks,0.42435264587402344,0.22611473500728607,0.23120297491550446,0.0005785624380223453,"real photo of snack aisle in supermarket, bags of chips and cookies with visible price tags, realistic store lighting, handheld DSLR photo, shelf reflections, grocery background"
Snacks_0011.png,Snacks,0.4635802209377289,0.2362687736749649,0.2707294821739197,0.0169703159481287,"real photo of snack aisle in supermarket, bags of chips and cookies with visible price tags, realistic store lighting, handheld DSLR photo, shelf reflections, grocery background"
Snacks_0012.png,Snacks,0.4433257579803467,0.21801523864269257,0.24406826496124268,0.000701904296875,"photo of colorful snack packages on store shelf, wide angle shot, realistic focus and depth, ambient fluorescent lighting, high detail, natural photo"
Snacks_0013.png,Snacks,0.4646197259426117,0.22937150299549103,0.26848268508911133,0.020837148651480675,"real photo of snack aisle in supermarket, bags of chips and cookies with visible price tags, realistic store lighting, handheld DSLR photo, shelf reflections, grocery background"
Snacks_0014.png,Snacks,0.45250988006591797,0.20989955961704254,0.24882297217845917,0.001068115234375,"real photo of snack aisle in supermarket, bags of chips and cookies with visible price tags, realistic store lighting, handheld DSLR photo, shelf reflections, grocery background"
Snacks_0015.png,Snacks,0.4139823615550995,0.23783157765865326,0.22794519364833832,0.00037256875657476485,"real photo of snack aisle in supermarket, bags of chips and cookies with visible price tags, realistic store lighting, handheld DSLR photo, shelf reflections, grocery background"
Snacks_0016.png,Snacks,0.4148425757884979,0.24055194854736328,0.22995950281620026,0.0012677510967478156,"real photo of snack aisle in supermarket, bags of chips and cookies with visible price tags, realistic store lighting, handheld DSLR photo, shelf reflections, grocery background"
Snacks_0017.png,Snacks,0.43294036388397217,0.21500693261623383,0.23366528749465942,0.01024627685546875,"real photo of snack aisle in supermarket, bags of chips and cookies with visible price tags, realistic store lighting, handheld DSLR photo, shelf reflections, grocery background"
Snacks_0018.png,Snacks,0.4162397086620331,0.2535463571548462,0.23754113912582397,0.002899169921875,"real photo of snack aisle in supermarket, bags of chips and cookies with visible price tags, realistic store lighting, handheld DSLR photo, shelf reflections, grocery background"
Snacks_0019.png,Snacks,0.46946701407432556,0.2604573667049408,0.28823724389076233,0.010660807602107525,"real photo of snack aisle in supermarket, bags of chips and cookies with visible price tags, realistic store lighting, handheld DSLR photo, shelf reflections, grocery background"
Snacks_0020.png,Snacks,0.4676080048084259,0.24577690660953522,0.27906349301338196,0.0055859885178506374,"real photo of snack aisle in supermarket, bags of chips and cookies with visible price tags, realistic store lighting, handheld DSLR photo, shelf reflections, grocery background"
Snacks_0021.png,Snacks,0.40854811668395996,0.25565847754478455,0.23227275907993317,0.021340688690543175,"photo of colorful snack packages on store shelf, wide angle shot, realistic focus and depth, ambient fluorescent lighting, high detail, natural photo"
Snacks_0022.png,Snacks,0.39288583397865295,0.2471970021724701,0.21546559035778046,0.01024627685546875,"real photo of snack aisle in supermarket, bags of chips and cookies with visible price tags, realistic store lighting, handheld DSLR photo, shelf reflections, grocery background"
Snacks_0023.png,Snacks,0.3736661970615387,0.257790207862854,0.20608212053775787,0.06367111206054688,"real photo of snack aisle in supermarket, bags of chips and cookies with visible price tags, realistic store lighting, handheld DSLR photo, shelf reflections, grocery background"
Snacks_0024.png,Snacks,0.3926147520542145,0.2557585537433624,0.2195587307214737,6.103515625e-05,"real photo of snack aisle in supermarket, bags of chips and cookies with visible price tags, realistic store lighting, handheld DSLR photo, shelf reflections, grocery background"
Snacks_0025.png,Snacks,0.3766978085041046,0.2386144995689392,0.198838010430336,0.013013203628361225,"photo of colorful snack packages on store shelf, wide angle shot, realistic focus and depth, ambient fluorescent lighting, high detail, natural photo"
Snacks_0026.png,Snacks,0.4379330575466156,0.21545997262001038,0.23820823431015015,6.357828624459216e-06,"real photo of snack aisle in supermarket, bags of chips and cookies with visible price tags, realistic store lighting, handheld DSLR photo, shelf reflections, grocery background"
Snacks_0027.png,Snacks,0.42877617478370667,0.227506622672081,0.23560822010040283,0.0007756550912745297,"photo of colorful snack packages on store shelf, wide angle shot, realistic focus and depth, ambient fluorescent lighting, high detail, natural photo"
Snacks_0028.png,Snacks,0.4361157715320587,0.266256183385849,0.2610892355442047,0.01885477639734745,"photo of colorful snack packages on store shelf, wide angle shot, realistic focus and depth, ambient fluorescent lighting, high detail, natural photo"
Snacks_0029.png,Snacks,0.4444723427295685,0.25834789872169495,0.2642992436885834,0.0015996297588571906,"real photo of snack aisle in supermarket, bags of chips and cookies with visible price tags, realistic store lighting, handheld DSLR photo, shelf reflections, grocery background"
Snacks_0030.png,Snacks,0.39657309651374817,0.2427271455526352,0.21618662774562836,0.0007158915395848453,"photo of colorful snack packages on store shelf, wide angle shot, realistic focus and depth, ambient fluorescent lighting, high detail, natural photo"
Snacks_0031.png,Snacks,0.43989241123199463,0.26793092489242554,0.2652922570705414,7.502237713197246e-05,"real photo of snack aisle in supermarket, bags of chips and cookies with visible price tags, realistic store lighting, handheld DSLR photo, shelf reflections, grocery background"
Snacks_0032.png,Snacks,0.4442923367023468,0.2468477040529251,0.2583293616771698,0.0083249406889081,"photo of colorful snack packages on store shelf, wide angle shot, realistic focus and depth, ambient fluorescent lighting, high detail, natural photo"
Snacks_0033.png,Snacks,0.4468804895877838,0.24652302265167236,0.26047566533088684,0.0034586589317768812,"real photo of snack aisle in supermarket, bags of chips and cookies with visible price tags, realistic store lighting, handheld DSLR photo, shelf reflections, grocery background"
Snacks_0034.png,Snacks,0.46912074089050293,0.2586691975593567,0.2869839370250702,0.010889689438045025,"photo of colorful snack packages on store shelf, wide angle shot, realistic focus and depth, ambient fluorescent lighting, high detail, natural photo"
Snacks_0035.png,Snacks,0.44603094458580017,0.26400279998779297,0.2686409652233124,0.06462224572896957,"real photo of snack aisle in supermarket, bags of chips and cookies with visible price tags, realistic store lighting, handheld DSLR photo, shelf reflections, grocery background"
Snacks_0036.png,Snacks,0.44468632340431213,0.23739853501319885,0.2541039288043976,8.0108642578125e-05,"real photo of snack aisle in supermarket, bags of chips and cookies with visible price tags, realistic store lighting, handheld DSLR photo, shelf reflections, grocery background"
Snacks_0037.png,Snacks,0.4022684097290039,0.2132987529039383,0.20731617510318756,2.543131586207892e-06,"real photo of snack aisle in supermarket, bags of chips and cookies with visible price tags, realistic store lighting, handheld DSLR photo, shelf reflections, grocery background"
Snacks_0038.png,Snacks,0.4689732491970062,0.23688200116157532,0.2760488986968994,0.01229095458984375,"photo of colorful snack packages on store shelf, wide angle shot, realistic focus and depth, ambient fluorescent lighting, high detail, natural photo"
Snacks_0039.png,Snacks,0.4134604036808014,0.26831287145614624,0.24294118583202362,0.04772694781422615,"real photo of snack aisle in supermarket, bags of chips and cookies with visible price tags, realistic store lighting, handheld DSLR photo, shelf reflections, grocery background"
Snacks_0040.png,Snacks,0.437182754278183,0.2190447747707367,0.2391093522310257,0.0061187744140625,"real photo of snack aisle in supermarket, bags of chips and cookies with visible price tags, realistic store lighting, handheld DSLR photo, shelf reflections, grocery background"
Snacks_0041.png,Snacks,0.3933415710926056,0.2588883638381958,0.22174072265625,0.03177134320139885,"photo of colorful snack packages on store shelf, wide angle shot, realistic focus and depth, ambient fluorescent lighting, high detail, natural photo"
Snacks_0042.png,Snacks,0.41747546195983887,0.2557835280895233,0.23971088230609894,0.0342051200568676,"real photo of snack aisle in supermarket, bags of chips and cookies with visible price tags, realistic store lighting, handheld DSLR photo, shelf reflections, grocery background"
Snacks_0043.png,Snacks,0.4237840473651886,0.23909521102905273,0.23675940930843353,0.0140775041654706,"photo of colorful snack packages on store shelf, wide angle shot, realistic focus and depth, ambient fluorescent lighting, high detail, natural photo"
Snacks_0044.png,Snacks,0.42820385098457336,0.2589085102081299,0.25039204955101013,3.178914266754873e-05,"real photo of snack aisle in supermarket, bags of chips and cookies with visible price tags, realistic store lighting, handheld DSLR photo, shelf reflections, grocery background"
Snacks_0045.png,Snacks,0.4262242317199707,0.25433990359306335,0.24635577201843262,0.00048573812819086015,"real photo of snack aisle in supermarket, bags of chips and cookies with visible price tags, realistic store lighting, handheld DSLR photo, shelf reflections, grocery background"
Snacks_0046.png,Snacks,0.5038005709648132,0.2703340947628021,0.3268953859806061,0.002574920654296875,"real photo of snack aisle in supermarket, bags of chips and cookies with visible price tags, realistic store lighting, handheld DSLR photo, shelf reflections, grocery background"
Snacks_0047.png,Snacks,0.3645898401737213,0.24954913556575775,0.19520044326782227,0.014385223388671875,"real photo of snack aisle in supermarket, bags of chips and cookies with visible price tags, realistic store lighting, handheld DSLR photo, shelf reflections, grocery background"
Snacks_0048.png,Snacks,0.4534047544002533,0.2456628382205963,0.2659260034561157,0.0045789084397256374,"photo of colorful snack packages on store shelf, wide angle shot, realistic focus and depth, ambient fluorescent lighting, high detail, natural photo"
Snacks_0049.png,Snacks,0.44229769706726074,0.2516367733478546,0.2589482367038727,0.003536224365234375,"photo of colorful snack packages on store shelf, wide angle shot, realistic focus and depth, ambient fluorescent lighting, high detail, natural photo"
Snacks_0050.png,Snacks,0.46816372871398926,0.23092325031757355,0.2725028097629547,0.0053952536545693874,"photo of colorful snack packages on store shelf, wide angle shot, realistic focus and depth, ambient fluorescent lighting, high detail, natural photo"
Snacks_0051.png,Snacks,0.41821911931037903,0.223055899143219,0.22466112673282623,0.022454580292105675,"photo of colorful snack packages on store shelf, wide angle shot, realistic focus and depth, ambient fluorescent lighting, high detail, natural photo"
Snacks_0052.png,Snacks,0.4303925931453705,0.26411300897598267,0.25499334931373596,0.02286275289952755,"real photo of snack aisle in supermarket, bags of chips and cookies with visible price tags, realistic store lighting, handheld DSLR photo, shelf reflections, grocery background"
Snacks_0053.png,Snacks,0.5074494481086731,0.25499793887138367,0.3225288391113281,0.0072263083420693874,"real photo of snack aisle in supermarket, bags of chips and cookies with visible price tags, realistic store lighting, handheld DSLR photo, shelf reflections, grocery background"
Snacks_0054.png,Snacks,0.39440950751304626,0.24144518375396729,0.21385455131530762,0.0005861918325535953,"real photo of snack aisle in supermarket, bags of chips and cookies with visible price tags, realistic store lighting, handheld DSLR photo, shelf reflections, grocery background"
Snacks_0055.png,Snacks,0.4340120851993561,0.254181832075119,0.25297483801841736,0.031714122742414474,"photo of colorful snack packages on store shelf, wide angle shot, realistic focus and depth, ambient fluorescent lighting, high detail, natural photo"
Snacks_0056.png,Snacks,0.42690595984458923,0.23585611581802368,0.23787672817707062,0.0019658405799418688,"photo of colorful snack packages on store shelf, wide angle shot, realistic focus and depth, ambient fluorescent lighting, high detail, natural photo"
Snacks_0057.png,Snacks,0.41141417622566223,0.19947834312915802,0.2090531587600708,0.0,"real photo of snack aisle in supermarket, bags of chips and cookies with visible price tags, realistic store lighting, handheld DSLR photo, shelf reflections, grocery background"
Snacks_0058.png,Snacks,0.41144558787345886,0.23044238984584808,0.22239111363887787,0.00045267739915288985,"real photo of snack aisle in supermarket, bags of chips and cookies with visible price tags, realistic store lighting, handheld DSLR photo, shelf reflections, grocery background"
Snacks_0059.png,Snacks,0.47062039375305176,0.24173924326896667,0.27992138266563416,0.015633901581168175,"real photo of snack aisle in supermarket, bags of chips and cookies with visible price tags, realistic store lighting, handheld DSLR photo, shelf reflections, grocery background"
Snacks_0060.png,Snacks,0.4352431297302246,0.23341703414916992,0.2439199835062027,0.008290608413517475,"photo of colorful snack packages on store shelf, wide angle shot, realistic focus and depth, ambient fluorescent lighting, high detail, natural photo"
Snacks_0061.png,Snacks,0.4263745844364166,0.22929471731185913,0.23437130451202393,0.023949941620230675,"real photo of snack aisle in supermarket, bags of chips and cookies with visible price tags, realistic store lighting, handheld DSLR photo, shelf reflections, grocery background"
Snacks_0062.png,Snacks,0.44314661622047424,0.2216319590806961,0.24549956619739532,7.756551349302754e-05,"real photo of snack aisle in supermarket, bags of chips and cookies with visible price tags, realistic store lighting, handheld DSLR photo, shelf reflections, grocery background"
Snacks_0063.png,Snacks,0.4075433313846588,0.2664962708950043,0.23711168766021729,0.00103759765625,"real photo of snack aisle in supermarket, bags of chips and cookies with visible price tags, realistic store lighting, handheld DSLR photo, shelf reflections, grocery background"
Snacks_0064.png,Snacks,0.3576822578907013,0.2513258159160614,0.19110119342803955,0.00363922119140625,"photo of colorful snack packages on store shelf, wide angle shot, realistic focus and depth, ambient fluorescent lighting, high detail, natural photo"
Snacks_0065.png,Snacks,0.40379834175109863,0.23102699220180511,0.21642649173736572,0.00945917796343565,"photo of colorful snack packages on store shelf, wide angle shot, realistic focus and depth, ambient fluorescent lighting, high detail, natural photo"
Snacks_0066.png,Snacks,0.4304358661174774,0.255128413438797,0.2503654360771179,0.045584362000226974,"real photo of snack aisle in supermarket, bags of chips and cookies with visible price tags, realistic store lighting, handheld DSLR photo, shelf reflections, grocery background"
Snacks_0067.png,Snacks,0.4375546872615814,0.22247856855392456,0.24095071852207184,0.0030695598106831312,"real photo of snack aisle in supermarket, bags of chips and cookies with visible price tags, realistic store lighting, handheld DSLR photo, shelf reflections, grocery background"
Snacks_0068.png,Snacks,0.4196223318576813,0.25301575660705566,0.24009978771209717,0.010068257339298725,"photo of colorful snack packages on store shelf, wide angle shot, realistic focus and depth, ambient fluorescent lighting, high detail, natural photo"
Snacks_0069.png,Snacks,0.44482913613319397,0.262830525636673,0.2669527530670166,0.011248270981013775,"photo of colorful snack packages on store shelf, wide angle shot, realistic focus and depth, ambient fluorescent lighting, high detail, natural photo"
Snacks_0070.png,Snacks,0.3925418555736542,0.23468537628650665,0.2091662734746933,0.011103312484920025,"real photo of snack aisle in supermarket, bags of chips and cookies with visible price tags, realistic store lighting, handheld DSLR photo, shelf reflections, grocery background"
Snacks_0071.png,Snacks,0.3848503530025482,0.2582477927207947,0.214801624417305,0.03406016156077385,"photo of colorful snack packages on store shelf, wide angle shot, realistic focus and depth, ambient fluorescent lighting, high detail, natural photo"
Snacks_0072.png,Snacks,0.373991459608078,0.22222326695919037,0.18925268948078156,0.00183868408203125,"real photo of snack aisle in supermarket, bags of chips and cookies with visible price tags, realistic store lighting, handheld DSLR photo, shelf reflections, grocery background"
Snacks_0073.png,Snacks,0.43195900321006775,0.24179157614707947,0.24505168199539185,0.000171661376953125,"real photo of snack aisle in supermarket, bags of chips and cookies with visible price tags, realistic store lighting, handheld DSLR photo, shelf reflections, grocery background"
Snacks_0074.png,Snacks,0.384855717420578,0.2723546028137207,0.22229082882404327,0.0026092529296875,"real photo of snack aisle in supermarket, bags of chips and cookies with visible price tags, realistic store lighting, handheld DSLR photo, shelf reflections, grocery background"
Snacks_0075.png,Snacks,0.3733987510204315,0.22016358375549316,0.18789859116077423,2.1616617232211865e-05,"real photo of snack aisle in supermarket, bags of chips and cookies with visible price tags, realistic store lighting, handheld DSLR photo, shelf reflections, grocery background"
Snacks_0076.png,Snacks,0.4056369364261627,0.22024405002593994,0.21304869651794434,0.00034205117844976485,"real photo of snack aisle in supermarket, bags of chips and cookies with visible price tags, realistic store lighting, handheld DSLR photo, shelf reflections, grocery background"
Snacks_0077.png,Snacks,0.4578748047351837,0.2510368824005127,0.2726687788963318,0.0007031758432276547,"real photo of snack aisle in supermarket, bags of chips and cookies with visible price tags, realistic store lighting, handheld DSLR photo, shelf reflections, grocery background"
Snacks_0078.png,Snacks,0.3800234794616699,0.26287752389907837,0.21352235972881317,0.06659571081399918,"real photo of snack aisle in supermarket, bags of chips and cookies with visible price tags, realistic store lighting, handheld DSLR photo, shelf reflections, grocery background"
Snacks_0079.png,Snacks,0.46230921149253845,0.22705674171447754,0.2652845084667206,0.0030810039024800062,"photo of colorful snack packages on store shelf, wide angle shot, realistic focus and depth, ambient fluorescent lighting, high detail, natural photo"
Snacks_0080.png,Snacks,0.40441611409187317,0.24361774325370789,0.22290192544460297,0.0031445820350199938,"real photo of snack aisle in supermarket, bags of chips and cookies with visible price tags, realistic store lighting, handheld DSLR photo, shelf reflections, grocery background"
Snacks_0081.png,Snacks,0.45919254422187805,0.24164319038391113,0.26924917101860046,0.0008328755502589047,"real photo of snack aisle in supermarket, bags of chips and cookies with visible price tags, realistic store lighting, handheld DSLR photo, shelf reflections, grocery background"
Snacks_0082.png,Snacks,0.4501700699329376,0.2538728415966034,0.26710444688796997,0.0092074079439044,"photo of colorful snack packages on store shelf, wide angle shot, realistic focus and depth, ambient fluorescent lighting, high detail, natural photo"
Snacks_0083.png,Snacks,0.4202236235141754,0.25312381982803345,0.24065949022769928,0.04481760784983635,"photo of colorful snack packages on store shelf, wide angle shot, realistic focus and depth, ambient fluorescent lighting, high detail, natural photo"
Snacks_0084.png,Snacks,0.40624335408210754,0.24727673828601837,0.22617937624454498,0.01819356344640255,"real photo of snack aisle in supermarket, bags of chips and cookies with visible price tags, realistic store lighting, handheld DSLR photo, shelf reflections, grocery background"
Snacks_0085.png,Snacks,0.4265756607055664,0.2510235011577606,0.24497950077056885,0.0178680419921875,"photo of colorful snack packages on store shelf, wide angle shot, realistic focus and depth, ambient fluorescent lighting, high detail, natural photo"
Snacks_0086.png,Snacks,0.41389814019203186,0.24082687497138977,0.22930920124053955,0.004058837890625,"photo of colorful snack packages on store shelf, wide angle shot, realistic focus and depth, ambient fluorescent lighting, high detail, natural photo"
Snacks_0087.png,Snacks,0.4886404275894165,0.24869994819164276,0.30062106251716614,0.01249567698687315,"photo of colorful snack packages on store shelf, wide angle shot, realistic focus and depth, ambient fluorescent lighting, high detail, natural photo"
Snacks_0088.png,Snacks,0.44473767280578613,0.2310185730457306,0.2511610984802246,0.0225245151668787,"photo of colorful snack packages on store shelf, wide angle shot, realistic focus and depth, ambient fluorescent lighting, high detail, natural photo"
Snacks_0089.png,Snacks,0.3681012690067291,0.2547178566455841,0.2003796547651291,0.0476328544318676,"photo of colorful snack packages on store shelf, wide angle shot, realistic focus and depth, ambient fluorescent lighting, high detail, natural photo"
Snacks_0090.png,Snacks,0.4002416431903839,0.24791932106018066,0.22165727615356445,0.017205556854605675,"photo of colorful snack packages on store shelf, wide angle shot, realistic focus and depth, ambient fluorescent lighting, high detail, natural photo"
Snacks_0091.png,Snacks,0.39683476090431213,0.25327789783477783,0.22162742912769318,0.0047810873948037624,"real photo of snack aisle in supermarket, bags of chips and cookies with visible price tags, realistic store lighting, handheld DSLR photo, shelf reflections, grocery background"
Snacks_0092.png,Snacks,0.4156631529331207,0.23765921592712402,0.22925765812397003,0.0004971821908839047,"photo of colorful snack packages on store shelf, wide angle shot, realistic focus and depth, ambient fluorescent lighting, high detail, natural photo"
Snacks_0093.png,Snacks,0.42121219635009766,0.21831806004047394,0.22508247196674347,0.014719645492732525,"photo of colorful snack packages on store shelf, wide angle shot, realistic focus and depth, ambient fluorescent lighting, high detail, natural photo"
Snacks_0094.png,Snacks,0.4570132791996002,0.2518896758556366,0.27230948209762573,0.016002655029296875,"real photo of snack aisle in supermarket, bags of chips and cookies with visible price tags, realistic store lighting, handheld DSLR photo, shelf reflections, grocery background"
Snacks_0095.png,Snacks,0.456362247467041,0.21963025629520416,0.2565039098262787,0.00095367431640625,"real photo of snack aisle in supermarket, bags of chips and cookies with visible price tags, realistic store lighting, handheld DSLR photo, shelf reflections, grocery background"
Snacks_0096.png,Snacks,0.4235032796859741,0.2465822994709015,0.24015778303146362,0.022317251190543175,"real photo of snack aisle in supermarket, bags of chips and cookies with visible price tags, realistic store lighting, handheld DSLR photo, shelf reflections, grocery background"
Snacks_0097.png,Snacks,0.42189255356788635,0.24746175110340118,0.23923061788082123,0.023629507049918175,"real photo of snack aisle in supermarket, bags of chips and cookies with visible price tags, realistic store lighting, handheld DSLR photo, shelf reflections, grocery background"
Snacks_0098.png,Snacks,0.3874334394931793,0.2325865477323532,0.2042011022567749,0.0012118021259084344,"real photo of snack aisle in supermarket, bags of chips and cookies with visible price tags, realistic store lighting, handheld DSLR photo, shelf reflections, grocery background"
Snacks_0099.png,Snacks,0.4312277138233185,0.21808283030986786,0.23351740837097168,0.01454925537109375,"photo of colorful snack packages on store shelf, wide angle shot, realistic focus and depth, ambient fluorescent lighting, high detail, natural photo"
PersonalCare_0000.png,PersonalCare,0.4272439479827881,0.2370707243680954,0.23873986303806305,0.011792500503361225,"photo of shampoo and body wash bottles on supermarket shelf, realistic fluorescent lighting, visible labels, reflections on plastic bottles, handheld photo, natural exposure"
PersonalCare_0001.png,PersonalCare,0.45043709874153137,0.22696687281131744,0.25440749526023865,0.0115420026704669,"photo of shampoo and body wash bottles on supermarket shelf, realistic fluorescent lighting, visible labels, reflections on plastic bottles, handheld photo, natural exposure"
PersonalCare_0002.png,PersonalCare,0.41808149218559265,0.21640373766422272,0.22162263095378876,0.000347137451171875,"realistic photo of toothpaste and soap boxes on grocery shelf, shelf depth visible, handheld camera focus, real store lighting"
PersonalCare_0003.png,PersonalCare,0.4045654535293579,0.2383185774087906,0.22046886384487152,0.0131289167329669,"photo of shampoo and body wash bottles on supermarket shelf, realistic fluorescent lighting, visible labels, reflections on plastic bottles, handheld photo, natural exposure"
PersonalCare_0004.png,PersonalCare,0.43452778458595276,0.232444167137146,0.24284464120864868,0.0041936240158975124,"realistic photo of toothpaste and soap boxes on grocery shelf, shelf depth visible, handheld camera focus, real store lighting"
PersonalCare_0005.png,PersonalCare,0.447009414434433,0.20183315873146057,0.24055397510528564,5.467732626129873e-05,"realistic photo of toothpaste and soap boxes on grocery shelf, shelf depth visible, handheld camera focus, real store lighting"
PersonalCare_0006.png,PersonalCare,0.37858912348747253,0.291216105222702,0.22813642024993896,0.07270431518554688,"photo of shampoo and body wash bottles on supermarket shelf, realistic fluorescent lighting, visible labels, reflections on plastic bottles, handheld photo, natural exposure"
PersonalCare_0007.png,PersonalCare,0.41956448554992676,0.2126239687204361,0.22124327719211578,0.00081634521484375,"realistic photo of toothpaste and soap boxes on grocery shelf, shelf depth visible, handheld camera focus, real store lighting"
PersonalCare_0008.png,PersonalCare,0.41400423645973206,0.24056068062782288,0.2292688488960266,0.0467732734978199,"photo of shampoo and body wash bottles on supermarket shelf, realistic fluorescent lighting, visible labels, reflections on plastic bottles, handheld photo, natural exposure"
PersonalCare_0009.png,PersonalCare,0.42179545760154724,0.2419445961713791,0.23644854128360748,0.0076967873610556126,"photo of shampoo and body wash bottles on supermarket shelf, realistic fluorescent lighting, visible labels, reflections on plastic bottles, handheld photo, natural exposure"
PersonalCare_0010.png,PersonalCare,0.43421849608421326,0.2014169543981552,0.22911442816257477,0.0062395730055868626,"realistic photo of toothpaste and soap boxes on grocery shelf, shelf depth visible, handheld camera focus, real store lighting"
PersonalCare_0011.png,PersonalCare,0.44137415289878845,0.21054956316947937,0.23914217948913574,0.00048319497727788985,"realistic photo of toothpaste and soap boxes on grocery shelf, shelf depth visible, handheld camera focus, real store lighting"
PersonalCare_0012.png,PersonalCare,0.43304386734962463,0.26217690110206604,0.2562636137008667,0.0214080810546875,"photo of shampoo and body wash bottles on supermarket shelf, realistic fluorescent lighting, visible labels, reflections on plastic bottles, handheld photo, natural exposure"
PersonalCare_0013.png,PersonalCare,0.39205145835876465,0.2515023946762085,0.216957688331604,0.022978464141488075,"photo of shampoo and body wash bottles on supermarket shelf, realistic fluorescent lighting, visible labels, reflections on plastic bottles, handheld photo, natural exposure"
PersonalCare_0014.png,PersonalCare,0.44700637459754944,0.1765359491109848,0.23097960650920868,0.0046374001540243626,"realistic photo of toothpaste and soap boxes on grocery shelf, shelf depth visible, handheld camera focus, real store lighting"
PersonalCare_0015.png,PersonalCare,0.4179912507534027,0.277126282453537,0.25151559710502625,0.028413137421011925,"photo of shampoo and body wash bottles on supermarket shelf, realistic fluorescent lighting, visible labels, reflections on plastic bottles, handheld photo, natural exposure"
PersonalCare_0016.png,PersonalCare,0.4047480523586273,0.2383805215358734,0.22064614295959473,0.00997797679156065,"photo of shampoo and body wash bottles on supermarket shelf, realistic fluorescent lighting, visible labels, reflections on plastic bottles, handheld photo, natural exposure"
PersonalCare_0017.png,PersonalCare,0.4472123682498932,0.22570538520812988,0.25094178318977356,1.52587890625e-05,"realistic photo of toothpaste and soap boxes on grocery shelf, shelf depth visible, handheld camera focus, real store lighting"
PersonalCare_0018.png,PersonalCare,0.4594956636428833,0.21966500580310822,0.25938892364501953,3.0517578125e-05,"realistic photo of toothpaste and soap boxes on grocery shelf, shelf depth visible, handheld camera focus, real store lighting"
PersonalCare_0019.png,PersonalCare,0.40808138251304626,0.24001014232635498,0.22413520514965057,0.040503185242414474,"photo of shampoo and body wash bottles on supermarket shelf, realistic fluorescent lighting, visible labels, reflections on plastic bottles, handheld photo, natural exposure"
PersonalCare_0020.png,PersonalCare,0.3869432508945465,0.21918311715126038,0.1977662593126297,0.01324590016156435,"photo of shampoo and body wash bottles on supermarket shelf, realistic fluorescent lighting, visible labels, reflections on plastic bottles, handheld photo, natural exposure"
PersonalCare_0021.png,PersonalCare,0.4190344512462616,0.20236241817474365,0.21654033660888672,0.01643880270421505,"photo of shampoo and body wash bottles on supermarket shelf, realistic fluorescent lighting, visible labels, reflections on plastic bottles, handheld photo, natural exposure"
PersonalCare_0022.png,PersonalCare,0.42292192578315735,0.23739711940288544,0.235220268368721,0.0381520576775074,"photo of shampoo and body wash bottles on supermarket shelf, realistic fluorescent lighting, visible labels, reflections on plastic bottles, handheld photo, natural exposure"
PersonalCare_0023.png,PersonalCare,0.4147118628025055,0.224652498960495,0.22245460748672485,0.0011736551532521844,"realistic photo of toothpaste and soap boxes on grocery shelf, shelf depth visible, handheld camera focus, real store lighting"
PersonalCare_0024.png,PersonalCare,0.41034165024757385,0.23260168731212616,0.22248375415802002,5.086263172415784e-06,"realistic photo of toothpaste and soap boxes on grocery shelf, shelf depth visible, handheld camera focus, real store lighting"
PersonalCare_0025.png,PersonalCare,0.3771744668483734,0.2363281100988388,0.19811148941516876,0.027899423614144325,"photo of shampoo and body wash bottles on supermarket shelf, realistic fluorescent lighting, visible labels, reflections on plastic bottles, handheld photo, natural exposure"
PersonalCare_0026.png,PersonalCare,0.4358924925327301,0.21714560687541962,0.23715443909168243,0.0046933493576943874,"photo of shampoo and body wash bottles on supermarket shelf, realistic fluorescent lighting, visible labels, reflections on plastic bottles, handheld photo, natural exposure"
PersonalCare_0027.png,PersonalCare,0.42773571610450745,0.22895900905132294,0.23538000881671906,0.00026575723313726485,"photo of shampoo and body wash bottles on supermarket shelf, realistic fluorescent lighting, visible labels, reflections on plastic bottles, handheld photo, natural exposure"
PersonalCare_0028.png,PersonalCare,0.42279505729675293,0.2697666585445404,0.2515295743942261,0.0017903646221384406,"photo of shampoo and body wash bottles on supermarket shelf, realistic fluorescent lighting, visible labels, reflections on plastic bottles, handheld photo, natural exposure"
PersonalCare_0029.png,PersonalCare,0.3965831995010376,0.25123727321624756,0.22039830684661865,0.02132670022547245,"photo of shampoo and body wash bottles on supermarket shelf, realistic fluorescent lighting, visible labels, reflections on plastic bottles, handheld photo, natural exposure"
PersonalCare_0030.png,PersonalCare,0.4415620267391205,0.25623849034309387,0.260635107755661,0.0025914509315043688,"realistic photo of toothpaste and soap boxes on grocery shelf, shelf depth visible, handheld camera focus, real store lighting"
PersonalCare_0031.png,PersonalCare,0.4495917856693268,0.20255422592163086,0.2431609183549881,0.0028521220665425062,"realistic photo of toothpaste and soap boxes on grocery shelf, shelf depth visible, handheld camera focus, real store lighting"
PersonalCare_0032.png,PersonalCare,0.4711572229862213,0.2095625102519989,0.2659055292606354,0.00044759115553461015,"realistic photo of toothpaste and soap boxes on grocery shelf, shelf depth visible, handheld camera focus, real store lighting"
PersonalCare_0033.png,PersonalCare,0.3901650011539459,0.29055389761924744,0.23665018379688263,0.050546009093523026,"photo of shampoo and body wash bottles on supermarket shelf, realistic fluorescent lighting, visible labels, reflections on plastic bottles, handheld photo, natural exposure"
PersonalCare_0034.png,PersonalCare,0.44165340065956116,0.25212767720222473,0.2586260139942169,0.037985485047101974,"photo of shampoo and body wash bottles on supermarket shelf, realistic fluorescent lighting, visible labels, reflections on plastic bottles, handheld photo, natural exposure"
PersonalCare_0035.png,PersonalCare,0.4305693805217743,0.21547085046768188,0.23181761801242828,0.00820795726031065,"realistic photo of toothpaste and soap boxes on grocery shelf, shelf depth visible, handheld camera focus, real store lighting"
PersonalCare_0036.png,PersonalCare,0.432910680770874,0.22655674815177917,0.23873956501483917,0.01689910888671875,"photo of shampoo and body wash bottles on supermarket shelf, realistic fluorescent lighting, visible labels, reflections on plastic bottles, handheld photo, natural exposure"
PersonalCare_0037.png,PersonalCare,0.3863273859024048,0.24882148206233978,0.21116089820861816,0.026091257110238075,"photo of shampoo and body wash bottles on supermarket shelf, realistic fluorescent lighting, visible labels, reflections on plastic bottles, handheld photo, natural exposure"
PersonalCare_0038.png,PersonalCare,0.4324216842651367,0.19841057062149048,0.22635520994663239,0.00010935465252259746,"realistic photo of toothpaste and soap boxes on grocery shelf, shelf depth visible, handheld camera focus, real store lighting"
PersonalCare_0039.png,PersonalCare,0.44517847895622253,0.28702858090400696,0.2805691957473755,0.01532745361328125,"photo of shampoo and body wash bottles on supermarket shelf, realistic fluorescent lighting, visible labels, reflections on plastic bottles, handheld photo, natural exposure"
PersonalCare_0040.png,PersonalCare,0.45821264386177063,0.232696071267128,0.26410621404647827,0.011217753402888775,"photo of shampoo and body wash bottles on supermarket shelf, realistic fluorescent lighting, visible labels, reflections on plastic bottles, handheld photo, natural exposure"
PersonalCare_0041.png,PersonalCare,0.4208877980709076,0.24127209186553955,0.23535870015621185,0.009943644516170025,"photo of shampoo and body wash bottles on supermarket shelf, realistic fluorescent lighting, visible labels, reflections on plastic bottles, handheld photo, natural exposure"
PersonalCare_0042.png,PersonalCare,0.4173600673675537,0.25775521993637085,0.24062709510326385,0.01317596435546875,"photo of shampoo and body wash bottles on supermarket shelf, realistic fluorescent lighting, visible labels, reflections on plastic bottles, handheld photo, natural exposure"
PersonalCare_0043.png,PersonalCare,0.4155559539794922,0.26247596740722656,0.24158026278018951,0.033262889832258224,"photo of shampoo and body wash bottles on supermarket shelf, realistic fluorescent lighting, visible labels, reflections on plastic bottles, handheld photo, natural exposure"
PersonalCare_0044.png,PersonalCare,0.4213874340057373,0.20697051286697388,0.22040413320064545,0.001800537109375,"realistic photo of toothpaste and soap boxes on grocery shelf, shelf depth visible, handheld camera focus, real store lighting"
PersonalCare_0045.png,PersonalCare,0.42505621910095215,0.20332841575145721,0.2220151424407959,0.0,"realistic photo of toothpaste and soap boxes on grocery shelf, shelf depth visible, handheld camera focus, real store lighting"
PersonalCare_0046.png,PersonalCare,0.44059714674949646,0.20236492156982422,0.23507733643054962,0.0048510232008993626,"realistic photo of toothpaste and soap boxes on grocery shelf, shelf depth visible, handheld camera focus, real store lighting"
PersonalCare_0047.png,PersonalCare,0.41472598910331726,0.21368534862995148,0.21765898168087006,0.035709381103515625,"photo of shampoo and body wash bottles on supermarket shelf, realistic fluorescent lighting, visible labels, reflections on plastic bottles, handheld photo, natural exposure"
PersonalCare_0048.png,PersonalCare,0.4634491205215454,0.2172340452671051,0.26197564601898193,0.009150187484920025,"photo of shampoo and body wash bottles on supermarket shelf, realistic fluorescent lighting, visible labels, reflections on plastic bottles, handheld photo, natural exposure"
PersonalCare_0049.png,PersonalCare,0.3980132043361664,0.21854014694690704,0.20617425441741943,0.01735433004796505,"photo of shampoo and body wash bottles on supermarket shelf, realistic fluorescent lighting, visible labels, reflections on plastic bottles, handheld photo, natural exposure"
PersonalCare_0050.png,PersonalCare,0.3959697186946869,0.23197044432163239,0.21060222387313843,0.0026232402306050062,"photo of shampoo and body wash bottles on supermarket shelf, realistic fluorescent lighting, visible labels, reflections on plastic bottles, handheld photo, natural exposure"
PersonalCare_0051.png,PersonalCare,0.40470683574676514,0.2360992282629013,0.219530388712883,0.0057843527756631374,"photo of shampoo and body wash bottles on supermarket shelf, realistic fluorescent lighting, visible labels, reflections on plastic bottles, handheld photo, natural exposure"
PersonalCare_0052.png,PersonalCare,0.43904876708984375,0.19447997212409973,0.2305862307548523,0.0029652912635356188,"realistic photo of toothpaste and soap boxes on grocery shelf, shelf depth visible, handheld camera focus, real store lighting"
PersonalCare_0053.png,PersonalCare,0.3939162790775299,0.25400280952453613,0.219687357544899,0.031218210235238075,"photo of shampoo and body wash bottles on supermarket shelf, realistic fluorescent lighting, visible labels, reflections on plastic bottles, handheld photo, natural exposure"
PersonalCare_0054.png,PersonalCare,0.42889150977134705,0.21765375137329102,0.23132097721099854,0.011034647934138775,"realistic photo of toothpaste and soap boxes on grocery shelf, shelf depth visible, handheld camera focus, real store lighting"
PersonalCare_0055.png,PersonalCare,0.42046689987182617,0.20022685825824738,0.21688313782215118,0.006336212158203125,"realistic photo of toothpaste and soap boxes on grocery shelf, shelf depth visible, handheld camera focus, real store lighting"
PersonalCare_0056.png,PersonalCare,0.42413854598999023,0.2172936648130417,0.22710998356342316,0.002899169921875,"realistic photo of toothpaste and soap boxes on grocery shelf, shelf depth visible, handheld camera focus, real store lighting"
PersonalCare_0057.png,PersonalCare,0.3798404633998871,0.20922598242759705,0.18805421888828278,0.011166890151798725,"photo of shampoo and body wash bottles on supermarket shelf, realistic fluorescent lighting, visible labels, reflections on plastic bottles, handheld photo, natural exposure"
PersonalCare_0058.png,PersonalCare,0.40574774146080017,0.23217414319515228,0.21853597462177277,0.0030771892052143812,"photo of shampoo and body wash bottles on supermarket shelf, realistic fluorescent lighting, visible labels, reflections on plastic bottles, handheld photo, natural exposure"
PersonalCare_0059.png,PersonalCare,0.4130955636501312,0.2791265547275543,0.24855946004390717,0.016920724883675575,"photo of shampoo and body wash bottles on supermarket shelf, realistic fluorescent lighting, visible labels, reflections on plastic bottles, handheld photo, natural exposure"
PersonalCare_0060.png,PersonalCare,0.37660059332847595,0.23061738908290863,0.19501228630542755,0.0345458984375,"photo of shampoo and body wash bottles on supermarket shelf, realistic fluorescent lighting, visible labels, reflections on plastic bottles, handheld photo, natural exposure"
PersonalCare_0061.png,PersonalCare,0.4441410303115845,0.16775384545326233,0.22540254890918732,0.00016911824059206992,"realistic photo of toothpaste and soap boxes on grocery shelf, shelf depth visible, handheld camera focus, real store lighting"
PersonalCare_0062.png,PersonalCare,0.40257808566093445,0.2570255398750305,0.22813117504119873,0.0347849540412426,"photo of shampoo and body wash bottles on supermarket shelf, realistic fluorescent lighting, visible labels, reflections on plastic bottles, handheld photo, natural exposure"
PersonalCare_0063.png,PersonalCare,0.38574373722076416,0.2666885256767273,0.21992093324661255,0.0330149345099926,"photo of shampoo and body wash bottles on supermarket shelf, realistic fluorescent lighting, visible labels, reflections on plastic bottles, handheld photo, natural exposure"
PersonalCare_0064.png,PersonalCare,0.4470103681087494,0.26764678955078125,0.271452933549881,0.01503753662109375,"photo of shampoo and body wash bottles on supermarket shelf, realistic fluorescent lighting, visible labels, reflections on plastic bottles, handheld photo, natural exposure"
PersonalCare_0065.png,PersonalCare,0.4621221125125885,0.22581788897514343,0.26455050706863403,0.0038706462364643812,"realistic photo of toothpaste and soap boxes on grocery shelf, shelf depth visible, handheld camera focus, real store lighting"
PersonalCare_0066.png,PersonalCare,0.4587479531764984,0.2418210804462433,0.26892703771591187,0.06809616088867188,"realistic photo of toothpaste and soap boxes on grocery shelf, shelf depth visible, handheld camera focus, real store lighting"
PersonalCare_0067.png,PersonalCare,0.3894478380680084,0.2591867446899414,0.21884728968143463,0.039541881531476974,"photo of shampoo and body wash bottles on supermarket shelf, realistic fluorescent lighting, visible labels, reflections on plastic bottles, handheld photo, natural exposure"
PersonalCare_0068.png,PersonalCare,0.3601737916469574,0.25179484486579895,0.19312570989131927,0.016112009063363075,"photo of shampoo and body wash bottles on supermarket shelf, realistic fluorescent lighting, visible labels, reflections on plastic bottles, handheld photo, natural exposure"
PersonalCare_0069.png,PersonalCare,0.45709168910980225,0.2481934130191803,0.2705326974391937,0.011474609375,"realistic photo of toothpaste and soap boxes on grocery shelf, shelf depth visible, handheld camera focus, real store lighting"
PersonalCare_0070.png,PersonalCare,0.3758011758327484,0.22904129326343536,0.1936863213777542,0.0033696491736918688,"photo of shampoo and body wash bottles on supermarket shelf, realistic fluorescent lighting, visible labels, reflections on plastic bottles, handheld photo, natural exposure"
PersonalCare_0071.png,PersonalCare,0.38807618618011475,0.2651416063308716,0.22090309858322144,0.018543243408203125,"photo of shampoo and body wash bottles on supermarket shelf, realistic fluorescent lighting, visible labels, reflections on plastic bottles, handheld photo, natural exposure"
PersonalCare_0072.png,PersonalCare,0.41670742630958557,0.20088247954845428,0.21399877965450287,1.3987223610456567e-05,"realistic photo of toothpaste and soap boxes on grocery shelf, shelf depth visible, handheld camera focus, real store lighting"
PersonalCare_0073.png,PersonalCare,0.4278518259525299,0.24323397874832153,0.24221988022327423,0.022925058379769325,"photo of shampoo and body wash bottles on supermarket shelf, realistic fluorescent lighting, visible labels, reflections on plastic bottles, handheld photo, natural exposure"
PersonalCare_0074.png,PersonalCare,0.454348087310791,0.2520197331905365,0.26994603872299194,0.0048497519455850124,"realistic photo of toothpaste and soap boxes on grocery shelf, shelf depth visible, handheld camera focus, real store lighting"
PersonalCare_0075.png,PersonalCare,0.42914822697639465,0.22776588797569275,0.23604542016983032,0.0213445033878088,"photo of shampoo and body wash bottles on supermarket shelf, realistic fluorescent lighting, visible labels, reflections on plastic bottles, handheld photo, natural exposure"
PersonalCare_0076.png,PersonalCare,0.37258467078208923,0.2532576024532318,0.20295865833759308,0.03231557086110115,"photo of shampoo and body wash bottles on supermarket shelf, realistic fluorescent lighting, visible labels, reflections on plastic bottles, handheld photo, natural exposure"
PersonalCare_0077.png,PersonalCare,0.462693452835083,0.19987273216247559,0.2540343105792999,0.00015894572425168008,"realistic photo of toothpaste and soap boxes on grocery shelf, shelf depth visible, handheld camera focus, real store lighting"
PersonalCare_0078.png,PersonalCare,0.39547690749168396,0.21746917068958282,0.20369476079940796,0.007343292236328125,"photo of shampoo and body wash bottles on supermarket shelf, realistic fluorescent lighting, visible labels, reflections on plastic bottles, handheld photo, natural exposure"
PersonalCare_0079.png,PersonalCare,0.43793487548828125,0.20003212988376617,0.23179976642131805,0.0,"realistic photo of toothpaste and soap boxes on grocery shelf, shelf depth visible, handheld camera focus, real store lighting"
PersonalCare_0080.png,PersonalCare,0.4430276155471802,0.25796815752983093,0.2628209590911865,0.016874948516488075,"photo of shampoo and body wash bottles on supermarket shelf, realistic fluorescent lighting, visible labels, reflections on plastic bottles, handheld photo, natural exposure"
PersonalCare_0081.png,PersonalCare,0.41219329833984375,0.257877379655838,0.23640398681163788,0.0203374233096838,"photo of shampoo and body wash bottles on supermarket shelf, realistic fluorescent lighting, visible labels, reflections on plastic bottles, handheld photo, natural exposure"
PersonalCare_0082.png,PersonalCare,0.4582127034664154,0.2657319903373718,0.2805722653865814,0.04379018023610115,"photo of shampoo and body wash bottles on supermarket shelf, realistic fluorescent lighting, visible labels, reflections on plastic bottles, handheld photo, natural exposure"
PersonalCare_0083.png,PersonalCare,0.441418319940567,0.28733131289482117,0.2774093449115753,0.08585993200540543,"photo of shampoo and body wash bottles on supermarket shelf, realistic fluorescent lighting, visible labels, reflections on plastic bottles, handheld photo, natural exposure"
PersonalCare_0084.png,PersonalCare,0.415673166513443,0.25816667079925537,0.2394341230392456,0.010723114013671875,"photo of shampoo and body wash bottles on supermarket shelf, realistic fluorescent lighting, visible labels, reflections on plastic bottles, handheld photo, natural exposure"
PersonalCare_0085.png,PersonalCare,0.43369320034980774,0.24678851664066315,0.24899424612522125,0.0072606406174600124,"realistic photo of toothpaste and soap boxes on grocery shelf, shelf depth visible, handheld camera focus, real store lighting"
PersonalCare_0086.png,PersonalCare,0.45932984352111816,0.18051376938819885,0.24356907606124878,0.0014101663837209344,"realistic photo of toothpaste and soap boxes on grocery shelf, shelf depth visible, handheld camera focus, real store lighting"
PersonalCare_0087.png,PersonalCare,0.41721439361572266,0.21862035989761353,0.22186262905597687,0.009190876968204975,"photo of shampoo and body wash bottles on supermarket shelf, realistic fluorescent lighting, visible labels, reflections on plastic bottles, handheld photo, natural exposure"
PersonalCare_0088.png,PersonalCare,0.44242238998413086,0.195924773812294,0.2341240644454956,0.0069516501389443874,"realistic photo of toothpaste and soap boxes on grocery shelf, shelf depth visible, handheld camera focus, real store lighting"
PersonalCare_0089.png,PersonalCare,0.41940197348594666,0.19368033111095428,0.21341003477573395,0.00031916299485601485,"realistic photo of toothpaste and soap boxes on grocery shelf, shelf depth visible, handheld camera focus, real store lighting"
PersonalCare_0090.png,PersonalCare,0.40717068314552307,0.2423677146434784,0.22452998161315918,0.0294952392578125,"photo of shampoo and body wash bottles on supermarket shelf, realistic fluorescent lighting, visible labels, reflections on plastic bottles, handheld photo, natural exposure"
PersonalCare_0091.png,PersonalCare,0.4464806616306305,0.20932023227214813,0.24315987527370453,0.0035349528770893812,"realistic photo of toothpaste and soap boxes on grocery shelf, shelf depth visible, handheld camera focus, real store lighting"
PersonalCare_0092.png,PersonalCare,0.42509785294532776,0.20177683234214783,0.2214220017194748,0.001552581787109375,"realistic photo of toothpaste and soap boxes on grocery shelf, shelf depth visible, handheld camera focus, real store lighting"
PersonalCare_0093.png,PersonalCare,0.4516102373600006,0.22125421464443207,0.2529052197933197,0.00031916299485601485,"realistic photo of toothpaste and soap boxes on grocery shelf, shelf depth visible, handheld camera focus, real store lighting"
PersonalCare_0094.png,PersonalCare,0.4749549925327301,0.20489569008350372,0.26756447553634644,0.0071131386794149876,"realistic photo of toothpaste and soap boxes on grocery shelf, shelf depth visible, handheld camera focus, real store lighting"
PersonalCare_0095.png,PersonalCare,0.42449459433555603,0.2400500774383545,0.2378196120262146,0.0057080588303506374,"photo of shampoo and body wash bottles on supermarket shelf, realistic fluorescent lighting, visible labels, reflections on plastic bottles, handheld photo, natural exposure"
PersonalCare_0096.png,PersonalCare,0.4216216504573822,0.2245427668094635,0.22818417847156525,0.0030123393516987562,"photo of shampoo and body wash bottles on supermarket shelf, realistic fluorescent lighting, visible labels, reflections on plastic bottles, handheld photo, natural exposure"
PersonalCare_0097.png,PersonalCare,0.42377665638923645,0.20069658756256104,0.21986572444438934,0.00019963581871706992,"realistic photo of toothpaste and soap boxes on grocery shelf, shelf depth visible, handheld camera focus, real store lighting"
PersonalCare_0098.png,PersonalCare,0.4671188294887543,0.19370901584625244,0.25572308897972107,0.0041020712815225124,"realistic photo of toothpaste and soap boxes on grocery shelf, shelf depth visible, handheld camera focus, real store lighting"
PersonalCare_0099.png,PersonalCare,0.41646841168403625,0.1926344335079193,0.21055389940738678,0.00211334228515625,"realistic photo of toothpaste and soap boxes on grocery shelf, shelf depth visible, handheld camera focus, real store lighting"
Cleaning_0000.png,Cleaning,0.3894452154636383,0.23954273760318756,0.20904825627803802,0.0037892658729106188,"realistic photo of detergent and cleaning sprays on supermarket shelf, reflections from lights, handheld photo composition, price tags visible, true-to-life grocery lighting"
Cleaning_0001.png,Cleaning,0.4251921474933624,0.2308376282453537,0.23407429456710815,0.003719329833984375,"realistic photo of detergent and cleaning sprays on supermarket shelf, reflections from lights, handheld photo composition, price tags visible, true-to-life grocery lighting"
Cleaning_0002.png,Cleaning,0.42091354727745056,0.2379540503025055,0.23379023373126984,0.023003896698355675,"realistic photo of detergent and cleaning sprays on supermarket shelf, reflections from lights, handheld photo composition, price tags visible, true-to-life grocery lighting"
Cleaning_0003.png,Cleaning,0.5149098634719849,0.23647542297840118,0.3210527300834656,0.002567291259765625,"photo of household cleaning products section, wide angle shot, natural color balance, visible shelf edges, handheld photo"
Cleaning_0004.png,Cleaning,0.3989241123199463,0.24347461760044098,0.21842025220394135,0.005229949951171875,"realistic photo of detergent and cleaning sprays on supermarket shelf, reflections from lights, handheld photo composition, price tags visible, true-to-life grocery lighting"
Cleaning_0005.png,Cleaning,0.4305779039859772,0.25043514370918274,0.24811501801013947,0.0113614397123456,"realistic photo of detergent and cleaning sprays on supermarket shelf, reflections from lights, handheld photo composition, price tags visible, true-to-life grocery lighting"
Cleaning_0006.png,Cleaning,0.47556519508361816,0.2427200824022293,0.28507521748542786,0.0020395915489643812,"photo of household cleaning products section, wide angle shot, natural color balance, visible shelf edges, handheld photo"
Cleaning_0007.png,Cleaning,0.3959474563598633,0.23150724172592163,0.21036988496780396,0.009213765151798725,"realistic photo of detergent and cleaning sprays on supermarket shelf, reflections from lights, handheld photo composition, price tags visible, true-to-life grocery lighting"
Cleaning_0008.png,Cleaning,0.48528817296028137,0.18094868957996368,0.2682470381259918,0.0011393228778615594,"photo of household cleaning products section, wide angle shot, natural color balance, visible shelf edges, handheld photo"
Cleaning_0009.png,Cleaning,0.4577089250087738,0.21729356050491333,0.2567138671875,0.002994537353515625,"photo of household cleaning products section, wide angle shot, natural color balance, visible shelf edges, handheld photo"
Cleaning_0010.png,Cleaning,0.421892374753952,0.22340603172779083,0.2279033213853836,0.0009002685546875,"realistic photo of detergent and cleaning sprays on supermarket shelf, reflections from lights, handheld photo composition, price tags visible, true-to-life grocery lighting"
Cleaning_0011.png,Cleaning,0.45388245582580566,0.19002358615398407,0.242118239402771,0.004352569580078125,"photo of household cleaning products section, wide angle shot, natural color balance, visible shelf edges, handheld photo"
Cleaning_0012.png,Cleaning,0.4490232765674591,0.20939290523529053,0.24546724557876587,0.0005213419790379703,"photo of household cleaning products section, wide angle shot, natural color balance, visible shelf edges, handheld photo"
Cleaning_0013.png,Cleaning,0.4016929566860199,0.24246039986610413,0.22014419734477997,0.0084775285795331,"realistic photo of detergent and cleaning sprays on supermarket shelf, reflections from lights, handheld photo composition, price tags visible, true-to-life grocery lighting"
Cleaning_0014.png,Cleaning,0.4250822067260742,0.2068270742893219,0.2234722524881363,0.0020434062462300062,"realistic photo of detergent and cleaning sprays on supermarket shelf, reflections from lights, handheld photo composition, price tags visible, true-to-life grocery lighting"
Cleaning_0015.png,Cleaning,0.5168625116348267,0.20901307463645935,0.31083324551582336,0.0050036110915243626,"photo of household cleaning products section, wide angle shot, natural color balance, visible shelf edges, handheld photo"
Cleaning_0016.png,Cleaning,0.4412163197994232,0.25557613372802734,0.2599909007549286,0.003849029541015625,"realistic photo of detergent and cleaning sprays on supermarket shelf, reflections from lights, handheld photo composition, price tags visible, true-to-life grocery lighting"
Cleaning_0017.png,Cleaning,0.44715312123298645,0.20177975296974182,0.2406608909368515,7.502237713197246e-05,"photo of household cleaning products section, wide angle shot, natural color balance, visible shelf edges, handheld photo"
Cleaning_0018.png,Cleaning,0.4201519191265106,0.2477419674396515,0.2379036545753479,0.01633199118077755,"realistic photo of detergent and cleaning sprays on supermarket shelf, reflections from lights, handheld photo composition, price tags visible, true-to-life grocery lighting"
Cleaning_0019.png,Cleaning,0.42917975783348083,0.24186627566814423,0.24269448220729828,0.008977253921329975,"realistic photo of detergent and cleaning sprays on supermarket shelf, reflections from lights, handheld photo composition, price tags visible, true-to-life grocery lighting"
Cleaning_0020.png,Cleaning,0.5029100179672241,0.17515552043914795,0.2835979163646698,0.0009396870736964047,"photo of household cleaning products section, wide angle shot, natural color balance, visible shelf edges, handheld photo"
Cleaning_0021.png,Cleaning,0.47159942984580994,0.19784949719905853,0.2615503966808319,0.006198883056640625,"photo of household cleaning products section, wide angle shot, natural color balance, visible shelf edges, handheld photo"
Cleaning_0022.png,Cleaning,0.5649374127388,0.1851503551006317,0.35343489050865173,0.0014470418682321906,"photo of household cleaning products section, wide angle shot, natural color balance, visible shelf edges, handheld photo"
Cleaning_0023.png,Cleaning,0.402162104845047,0.24366401135921478,0.2211063951253891,0.01045099925249815,"realistic photo of detergent and cleaning sprays on supermarket shelf, reflections from lights, handheld photo composition, price tags visible, true-to-life grocery lighting"
Cleaning_0024.png,Cleaning,0.46948447823524475,0.2207644283771515,0.26915255188941956,0.0029551188927143812,"photo of household cleaning products section, wide angle shot, natural color balance, visible shelf edges, handheld photo"
Cleaning_0025.png,Cleaning,0.5236788988113403,0.19452603161334991,0.3120799660682678,0.009494781494140625,"photo of household cleaning products section, wide angle shot, natural color balance, visible shelf edges, handheld photo"
Cleaning_0026.png,Cleaning,0.4189411699771881,0.23302330076694489,0.22981148958206177,1.2715657248918433e-05,"realistic photo of detergent and cleaning sprays on supermarket shelf, reflections from lights, handheld photo composition, price tags visible, true-to-life grocery lighting"
Cleaning_0027.png,Cleaning,0.39981934428215027,0.23912352323532104,0.21703548729419708,0.015776315703988075,"realistic photo of detergent and cleaning sprays on supermarket shelf, reflections from lights, handheld photo composition, price tags visible, true-to-life grocery lighting"
Cleaning_0028.png,Cleaning,0.4377744495868683,0.27225109934806824,0.26576703786849976,0.023779550567269325,"realistic photo of detergent and cleaning sprays on supermarket shelf, reflections from lights, handheld photo composition, price tags visible, true-to-life grocery lighting"
Cleaning_0029.png,Cleaning,0.4125318229198456,0.25981971621513367,0.23768870532512665,0.0270868930965662,"realistic photo of detergent and cleaning sprays on supermarket shelf, reflections from lights, handheld photo composition, price tags visible, true-to-life grocery lighting"
Cleaning_0030.png,Cleaning,0.48071956634521484,0.21468214690685272,0.27717968821525574,0.0055109658278524876,"photo of household cleaning products section, wide angle shot, natural color balance, visible shelf edges, handheld photo"
Cleaning_0031.png,Cleaning,0.4635489284992218,0.22558917105197906,0.26576802134513855,0.00028483071946538985,"photo of household cleaning products section, wide angle shot, natural color balance, visible shelf edges, handheld photo"
Cleaning_0032.png,Cleaning,0.43428778648376465,0.2539794147014618,0.253111332654953,0.01422246266156435,"realistic photo of detergent and cleaning sprays on supermarket shelf, reflections from lights, handheld photo composition, price tags visible, true-to-life grocery lighting"
Cleaning_0033.png,Cleaning,0.4988683760166168,0.22887380421161652,0.3012528419494629,0.0012194315204396844,"photo of household cleaning products section, wide angle shot, natural color balance, visible shelf edges, handheld photo"
Cleaning_0034.png,Cleaning,0.4313395321369171,0.2647307515144348,0.25613608956336975,0.017129262909293175,"realistic photo of detergent and cleaning sprays on supermarket shelf, reflections from lights, handheld photo composition, price tags visible, true-to-life grocery lighting"
Cleaning_0035.png,Cleaning,0.3998088538646698,0.24979011714458466,0.22224213182926178,0.017566680908203125,"realistic photo of detergent and cleaning sprays on supermarket shelf, reflections from lights, handheld photo composition, price tags visible, true-to-life grocery lighting"
Cleaning_0036.png,Cleaning,0.4846820831298828,0.19402150809764862,0.2725609838962555,0.0016237894305959344,"photo of household cleaning products section, wide angle shot, natural color balance, visible shelf edges, handheld photo"
Cleaning_0037.png,Cleaning,0.4747072458267212,0.2113669514656067,0.2700228989124298,0.0024782817345112562,"photo of household cleaning products section, wide angle shot, natural color balance, visible shelf edges, handheld photo"
Cleaning_0038.png,Cleaning,0.4412062168121338,0.24548795819282532,0.2549271285533905,0.0214691162109375,"realistic photo of detergent and cleaning sprays on supermarket shelf, reflections from lights, handheld photo composition, price tags visible, true-to-life grocery lighting"
Cleaning_0039.png,Cleaning,0.49894070625305176,0.2160002589225769,0.2955978214740753,0.0014406839618459344,"photo of household cleaning products section, wide angle shot, natural color balance, visible shelf edges, handheld photo"
Cleaning_0040.png,Cleaning,0.4899822771549225,0.18072274327278137,0.2727433145046234,0.0025507609825581312,"photo of household cleaning products section, wide angle shot, natural color balance, visible shelf edges, handheld photo"
Cleaning_0041.png,Cleaning,0.45750322937965393,0.20041437447071075,0.24947504699230194,0.00010935465252259746,"photo of household cleaning products section, wide angle shot, natural color balance, visible shelf edges, handheld photo"
Cleaning_0042.png,Cleaning,0.40064898133277893,0.24647779762744904,0.2212708592414856,0.032444000244140625,"realistic photo of detergent and cleaning sprays on supermarket shelf, reflections from lights, handheld photo composition, price tags visible, true-to-life grocery lighting"
Cleaning_0043.png,Cleaning,0.3950791358947754,0.2604961693286896,0.22394567728042603,0.01932525634765625,"realistic photo of detergent and cleaning sprays on supermarket shelf, reflections from lights, handheld photo composition, price tags visible, true-to-life grocery lighting"
Cleaning_0044.png,Cleaning,0.38287684321403503,0.24621763825416565,0.20721769332885742,0.0108884172514081,"realistic photo of detergent and cleaning sprays on supermarket shelf, reflections from lights, handheld photo composition, price tags visible, true-to-life grocery lighting"
Cleaning_0045.png,Cleaning,0.5008230805397034,0.19071879982948303,0.28719744086265564,0.0014521280536428094,"photo of household cleaning products section, wide angle shot, natural color balance, visible shelf edges, handheld photo"
Cleaning_0046.png,Cleaning,0.49357202649116516,0.20514468848705292,0.28569766879081726,0.000789642333984375,"photo of household cleaning products section, wide angle shot, natural color balance, visible shelf edges, handheld photo"
Cleaning_0047.png,Cleaning,0.4668150842189789,0.1937398612499237,0.25545135140419006,0.00035603842115961015,"photo of household cleaning products section, wide angle shot, natural color balance, visible shelf edges, handheld photo"
Cleaning_0048.png,Cleaning,0.4314141273498535,0.22992131114006042,0.23898188769817352,0.0045865378342568874,"realistic photo of detergent and cleaning sprays on supermarket shelf, reflections from lights, handheld photo composition, price tags visible, true-to-life grocery lighting"
Cleaning_0049.png,Cleaning,0.5072209239006042,0.20751672983169556,0.30033624172210693,0.0013097127666696906,"photo of household cleaning products section, wide angle shot, natural color balance, visible shelf edges, handheld photo"
Cleaning_0050.png,Cleaning,0.4325958490371704,0.19964852929115295,0.22699867188930511,0.0006256103515625,"photo of household cleaning products section, wide angle shot, natural color balance, visible shelf edges, handheld photo"
Cleaning_0051.png,Cleaning,0.3826276361942291,0.22825510799884796,0.1985042244195938,0.01567840576171875,"realistic photo of detergent and cleaning sprays on supermarket shelf, reflections from lights, handheld photo composition, price tags visible, true-to-life grocery lighting"
Cleaning_0052.png,Cleaning,0.3916569948196411,0.2716539204120636,0.22719097137451172,0.0060946145094931126,"realistic photo of detergent and cleaning sprays on supermarket shelf, reflections from lights, handheld photo composition, price tags visible, true-to-life grocery lighting"
Cleaning_0053.png,Cleaning,0.4281087815761566,0.2662198543548584,0.25415000319480896,0.006618499755859375,"realistic photo of detergent and cleaning sprays on supermarket shelf, reflections from lights, handheld photo composition, price tags visible, true-to-life grocery lighting"
Cleaning_0054.png,Cleaning,0.4571027457714081,0.21491853892803192,0.2551328241825104,0.01851399801671505,"photo of household cleaning products section, wide angle shot, natural color balance, visible shelf edges, handheld photo"
Cleaning_0055.png,Cleaning,0.4629543721675873,0.19419258832931519,0.2520374357700348,0.0010528564453125,"photo of household cleaning products section, wide angle shot, natural color balance, visible shelf edges, handheld photo"
Cleaning_0056.png,Cleaning,0.3889811933040619,0.23664270341396332,0.20730607211589813,0.0085970563814044,"realistic photo of detergent and cleaning sprays on supermarket shelf, reflections from lights, handheld photo composition, price tags visible, true-to-life grocery lighting"
Cleaning_0057.png,Cleaning,0.4436591565608978,0.14491979777812958,0.21783514320850372,0.000858306884765625,"photo of household cleaning products section, wide angle shot, natural color balance, visible shelf edges, handheld photo"
Cleaning_0058.png,Cleaning,0.4453927278518677,0.18202321231365204,0.2315070629119873,0.0018399556865915656,"photo of household cleaning products section, wide angle shot, natural color balance, visible shelf edges, handheld photo"
Cleaning_0059.png,Cleaning,0.397221177816391,0.24599824845790863,0.2182997465133667,0.0010999044170603156,"realistic photo of detergent and cleaning sprays on supermarket shelf, reflections from lights, handheld photo composition, price tags visible, true-to-life grocery lighting"
Cleaning_0060.png,Cleaning,0.38017168641090393,0.2217937558889389,0.1937229186296463,0.0054779052734375,"realistic photo of detergent and cleaning sprays on supermarket shelf, reflections from lights, handheld photo composition, price tags visible, true-to-life grocery lighting"
Cleaning_0061.png,Cleaning,0.47399234771728516,0.23192240297794342,0.2784566879272461,0.0043207802809774876,"photo of household cleaning products section, wide angle shot, natural color balance, visible shelf edges, handheld photo"
Cleaning_0062.png,Cleaning,0.4959668815135956,0.20548546314239502,0.28820738196372986,0.000820159912109375,"photo of household cleaning products section, wide angle shot, natural color balance, visible shelf edges, handheld photo"
Cleaning_0063.png,Cleaning,0.4415586292743683,0.23088259994983673,0.24828071892261505,0.001522064208984375,"photo of household cleaning products section, wide angle shot, natural color balance, visible shelf edges, handheld photo"
Cleaning_0064.png,Cleaning,0.4654186964035034,0.2180081605911255,0.2641420364379883,0.0009613037109375,"photo of household cleaning products section, wide angle shot, natural color balance, visible shelf edges, handheld photo"
Cleaning_0065.png,Cleaning,0.4214290678501129,0.24230805039405823,0.23631560802459717,0.04141998291015625,"realistic photo of detergent and cleaning sprays on supermarket shelf, reflections from lights, handheld photo composition, price tags visible, true-to-life grocery lighting"
Cleaning_0066.png,Cleaning,0.4986700117588043,0.20366837084293365,0.29015251994132996,0.0021870930213481188,"photo of household cleaning products section, wide angle shot, natural color balance, visible shelf edges, handheld photo"
Cleaning_0067.png,Cleaning,0.4695686101913452,0.20512913167476654,0.2625725269317627,0.002582550048828125,"photo of household cleaning products section, wide angle shot, natural color balance, visible shelf edges, handheld photo"
Cleaning_0068.png,Cleaning,0.36966729164123535,0.26176896691322327,0.20517681539058685,0.00547027587890625,"realistic photo of detergent and cleaning sprays on supermarket shelf, reflections from lights, handheld photo composition, price tags visible, true-to-life grocery lighting"
Cleaning_0069.png,Cleaning,0.49082550406455994,0.23014895617961884,0.29387810826301575,0.0072161355055868626,"photo of household cleaning products section, wide angle shot, natural color balance, visible shelf edges, handheld photo"
Cleaning_0070.png,Cleaning,0.37069711089134216,0.2076527178287506,0.1805359572172165,0.0,"realistic photo of detergent and cleaning sprays on supermarket shelf, reflections from lights, handheld photo composition, price tags visible, true-to-life grocery lighting"
Cleaning_0071.png,Cleaning,0.4013672173023224,0.24159295856952667,0.21946275234222412,0.024089813232421875,"realistic photo of detergent and cleaning sprays on supermarket shelf, reflections from lights, handheld photo composition, price tags visible, true-to-life grocery lighting"
Cleaning_0072.png,Cleaning,0.43430042266845703,0.21415536105632782,0.23447930812835693,0.0001983642578125,"photo of household cleaning products section, wide angle shot, natural color balance, visible shelf edges, handheld photo"
Cleaning_0073.png,Cleaning,0.49854612350463867,0.19057105481624603,0.2848655581474304,0.00013224284339230508,"photo of household cleaning products section, wide angle shot, natural color balance, visible shelf edges, handheld photo"
Cleaning_0074.png,Cleaning,0.41312897205352783,0.2718793749809265,0.24459384381771088,0.004718780517578125,"realistic photo of detergent and cleaning sprays on supermarket shelf, reflections from lights, handheld photo composition, price tags visible, true-to-life grocery lighting"
Cleaning_0075.png,Cleaning,0.39506760239601135,0.23750756680965424,0.21248817443847656,0.04264068603515625,"realistic photo of detergent and cleaning sprays on supermarket shelf, reflections from lights, handheld photo composition, price tags visible, true-to-life grocery lighting"
Cleaning_0076.png,Cleaning,0.4495028257369995,0.20694521069526672,0.24487905204296112,0.004642486572265625,"photo of household cleaning products section, wide angle shot, natural color balance, visible shelf edges, handheld photo"
Cleaning_0077.png,Cleaning,0.453889936208725,0.1924084573984146,0.24303703010082245,0.003040313720703125,"photo of household cleaning products section, wide angle shot, natural color balance, visible shelf edges, handheld photo"
Cleaning_0078.png,Cleaning,0.48273766040802,0.2084656059741974,0.27649351954460144,0.0026232402306050062,"photo of household cleaning products section, wide angle shot, natural color balance, visible shelf edges, handheld photo"
Cleaning_0079.png,Cleaning,0.5173216462135315,0.16894212365150452,0.2961631715297699,0.000728607177734375,"photo of household cleaning products section, wide angle shot, natural color balance, visible shelf edges, handheld photo"
Cleaning_0080.png,Cleaning,0.48310068249702454,0.18427368998527527,0.26734304428100586,0.00024286906409543008,"photo of household cleaning products section, wide angle shot, natural color balance, visible shelf edges, handheld photo"
Cleaning_0081.png,Cleaning,0.5151950120925903,0.2244849056005478,0.31581932306289673,0.0046106972731649876,"photo of household cleaning products section, wide angle shot, natural color balance, visible shelf edges, handheld photo"
Cleaning_0082.png,Cleaning,0.5103051066398621,0.2143469750881195,0.30635586380958557,0.006511688232421875,"photo of household cleaning products section, wide angle shot, natural color balance, visible shelf edges, handheld photo"
Cleaning_0083.png,Cleaning,0.5072408318519592,0.23887021839618683,0.31435221433639526,0.00408935546875,"photo of household cleaning products section, wide angle shot, natural color balance, visible shelf edges, handheld photo"
Cleaning_0084.png,Cleaning,0.41477712988853455,0.20065544545650482,0.21230261027812958,0.007007598876953125,"photo of household cleaning products section, wide angle shot, natural color balance, visible shelf edges, handheld photo"
Cleaning_0085.png,Cleaning,0.43321284651756287,0.27174049615859985,0.26151618361473083,0.01740010641515255,"realistic photo of detergent and cleaning sprays on supermarket shelf, reflections from lights, handheld photo composition, price tags visible, true-to-life grocery lighting"
Cleaning_0086.png,Cleaning,0.43274784088134766,0.22374120354652405,0.23733073472976685,0.00209808349609375,"realistic photo of detergent and cleaning sprays on supermarket shelf, reflections from lights, handheld photo composition, price tags visible, true-to-life grocery lighting"
Cleaning_0087.png,Cleaning,0.535750687122345,0.1996845006942749,0.3269026577472687,0.000934600830078125,"photo of household cleaning products section, wide angle shot, natural color balance, visible shelf edges, handheld photo"
Cleaning_0088.png,Cleaning,0.48178768157958984,0.20231100916862488,0.2730490565299988,0.0012079874286428094,"photo of household cleaning products section, wide angle shot, natural color balance, visible shelf edges, handheld photo"
Cleaning_0089.png,Cleaning,0.42630794644355774,0.2366788685321808,0.23775528371334076,0.016958871856331825,"realistic photo of detergent and cleaning sprays on supermarket shelf, reflections from lights, handheld photo composition, price tags visible, true-to-life grocery lighting"
Cleaning_0090.png,Cleaning,0.43517789244651794,0.21595177054405212,0.23601488769054413,0.0045344033278524876,"photo of household cleaning products section, wide angle shot, natural color balance, visible shelf edges, handheld photo"
Cleaning_0091.png,Cleaning,0.4892899990081787,0.157692551612854,0.2642715871334076,0.001476287841796875,"photo of household cleaning products section, wide angle shot, natural color balance, visible shelf edges, handheld photo"
Cleaning_0092.png,Cleaning,0.46042683720588684,0.19426660239696503,0.24973233044147491,0.0012639363994821906,"photo of household cleaning products section, wide angle shot, natural color balance, visible shelf edges, handheld photo"
Cleaning_0093.png,Cleaning,0.4640808403491974,0.17613585293293,0.2463947981595993,0.00128936767578125,"photo of household cleaning products section, wide angle shot, natural color balance, visible shelf edges, handheld photo"
Cleaning_0094.png,Cleaning,0.47330260276794434,0.22172018885612488,0.2731751501560211,0.0007031758432276547,"photo of household cleaning products section, wide angle shot, natural color balance, visible shelf edges, handheld photo"
Cleaning_0095.png,Cleaning,0.41220149397850037,0.21253976225852966,0.21508316695690155,0.0006319681997410953,"realistic photo of detergent and cleaning sprays on supermarket shelf, reflections from lights, handheld photo composition, price tags visible, true-to-life grocery lighting"
Cleaning_0096.png,Cleaning,0.46617671847343445,0.19342783093452454,0.25473499298095703,0.0011444091796875,"photo of household cleaning products section, wide angle shot, natural color balance, visible shelf edges, handheld photo"
Cleaning_0097.png,Cleaning,0.4308817684650421,0.24108050763607025,0.24377882480621338,0.02773030661046505,"realistic photo of detergent and cleaning sprays on supermarket shelf, reflections from lights, handheld photo composition, price tags visible, true-to-life grocery lighting"
Cleaning_0098.png,Cleaning,0.428017258644104,0.2506614625453949,0.24602985382080078,0.01763916015625,"realistic photo of detergent and cleaning sprays on supermarket shelf, reflections from lights, handheld photo composition, price tags visible, true-to-life grocery lighting"
Cleaning_0099.png,Cleaning,0.44302281737327576,0.18403466045856476,0.2301379293203354,0.00225830078125,"photo of household cleaning products section, wide angle shot, natural color balance, visible shelf edges, handheld photo"
CannedFood_0000.png,CannedFood,0.4732050895690918,0.25845450162887573,0.2907216548919678,0.00036366781569086015,"realistic grocery store photo of soup and vegetable cans, natural fluorescent light, realistic packaging and shelf arrangement"
CannedFood_0001.png,CannedFood,0.4848242998123169,0.22744639217853546,0.28678640723228455,0.0022290546912699938,"realistic grocery store photo of soup and vegetable cans, natural fluorescent light, realistic packaging and shelf arrangement"
CannedFood_0002.png,CannedFood,0.36226046085357666,0.18786603212356567,0.16652622818946838,0.0049616494216024876,"photo of canned food aisle in supermarket, stacked cans with printed labels, realistic metal reflections, grocery shelf lighting, handheld focus, slightly tilted composition"
CannedFood_0003.png,CannedFood,0.44408735632896423,0.25622862577438354,0.26286664605140686,0.00010553995525697246,"realistic grocery store photo of soup and vegetable cans, natural fluorescent light, realistic packaging and shelf arrangement"
CannedFood_0004.png,CannedFood,0.40654119849205017,0.21826976537704468,0.21291732788085938,0.0008608500356785953,"photo of canned food aisle in supermarket, stacked cans with printed labels, realistic metal reflections, grocery shelf lighting, handheld focus, slightly tilted composition"
CannedFood_0005.png,CannedFood,0.39744436740875244,0.22347596287727356,0.20790345966815948,0.00325775146484375,"photo of canned food aisle in supermarket, stacked cans with printed labels, realistic metal reflections, grocery shelf lighting, handheld focus, slightly tilted composition"
CannedFood_0006.png,CannedFood,0.3683586120605469,0.23066353797912598,0.18889367580413818,0.045299530029296875,"photo of canned food aisle in supermarket, stacked cans with printed labels, realistic metal reflections, grocery shelf lighting, handheld focus, slightly tilted composition"
CannedFood_0007.png,CannedFood,0.34709426760673523,0.20824205875396729,0.16383914649486542,0.0100250244140625,"photo of canned food aisle in supermarket, stacked cans with printed labels, realistic metal reflections, grocery shelf lighting, handheld focus, slightly tilted composition"
CannedFood_0008.png,CannedFood,0.37956634163856506,0.22554472088813782,0.194940984249115,0.008321125991642475,"photo of canned food aisle in supermarket, stacked cans with printed labels, realistic metal reflections, grocery shelf lighting, handheld focus, slightly tilted composition"
CannedFood_0009.png,CannedFood,0.3664526641368866,0.22145964205265045,0.18333184719085693,0.001373291015625,"photo of canned food aisle in supermarket, stacked cans with printed labels, realistic metal reflections, grocery shelf lighting, handheld focus, slightly tilted composition"
CannedFood_0010.png,CannedFood,0.4416224956512451,0.2231181561946869,0.24481211602687836,0.0012639363994821906,"realistic grocery store photo of soup and vegetable cans, natural fluorescent light, realistic packaging and shelf arrangement"
CannedFood_0011.png,CannedFood,0.44663551449775696,0.2247636318206787,0.2500018775463104,0.0008900960092432797,"realistic grocery store photo of soup and vegetable cans, natural fluorescent light, realistic packaging and shelf arrangement"
CannedFood_0012.png,CannedFood,0.43605661392211914,0.23079043626785278,0.24340952932834625,0.00028101602219976485,"realistic grocery store photo of soup and vegetable cans, natural fluorescent light, realistic packaging and shelf arrangement"
CannedFood_0013.png,CannedFood,0.45730623602867126,0.23348170518875122,0.26364263892173767,0.0014661153545603156,"realistic grocery store photo of soup and vegetable cans, natural fluorescent light, realistic packaging and shelf arrangement"
CannedFood_0014.png,CannedFood,0.49423280358314514,0.2244565337896347,0.2946467697620392,0.008359272964298725,"realistic grocery store photo of soup and vegetable cans, natural fluorescent light, realistic packaging and shelf arrangement"
CannedFood_0015.png,CannedFood,0.37722644209861755,0.22231660783290863,0.19172441959381104,0.0070508322678506374,"photo of canned food aisle in supermarket, stacked cans with printed labels, realistic metal reflections, grocery shelf lighting, handheld focus, slightly tilted composition"
CannedFood_0016.png,CannedFood,0.4709976613521576,0.22482870519161224,0.27238669991493225,0.00020472209143918008,"realistic grocery store photo of soup and vegetable cans, natural fluorescent light, realistic packaging and shelf arrangement"
CannedFood_0017.png,CannedFood,0.4284238815307617,0.2440478652715683,0.24310632050037384,0.0045827231369912624,"realistic grocery store photo of soup and vegetable cans, natural fluorescent light, realistic packaging and shelf arrangement"
CannedFood_0018.png,CannedFood,0.35695409774780273,0.19625437259674072,0.16593198478221893,0.0048828125,"photo of canned food aisle in supermarket, stacked cans with printed labels, realistic metal reflections, grocery shelf lighting, handheld focus, slightly tilted composition"
CannedFood_0019.png,CannedFood,0.44164133071899414,0.24321386218070984,0.2541999816894531,0.02166239358484745,"realistic grocery store photo of soup and vegetable cans, natural fluorescent light, realistic packaging and shelf arrangement"
CannedFood_0020.png,CannedFood,0.43214884400367737,0.20760071277618408,0.22985060513019562,0.0011494954815134406,"realistic grocery store photo of soup and vegetable cans, natural fluorescent light, realistic packaging and shelf arrangement"
CannedFood_0021.png,CannedFood,0.38422083854675293,0.20494115352630615,0.18962645530700684,0.00015131632972043008,"photo of canned food aisle in supermarket, stacked cans with printed labels, realistic metal reflections, grocery shelf lighting, handheld focus, slightly tilted composition"
CannedFood_0022.png,CannedFood,0.48084568977355957,0.2372252196073532,0.28748831152915955,0.001804351806640625,"realistic grocery store photo of soup and vegetable cans, natural fluorescent light, realistic packaging and shelf arrangement"
CannedFood_0023.png,CannedFood,0.3723091185092926,0.2332630753517151,0.1930256485939026,0.00047429403639398515,"photo of canned food aisle in supermarket, stacked cans with printed labels, realistic metal reflections, grocery shelf lighting, handheld focus, slightly tilted composition"
CannedFood_0024.png,CannedFood,0.3898826837539673,0.227944478392601,0.2039671093225479,6.357828624459216e-06,"photo of canned food aisle in supermarket, stacked cans with printed labels, realistic metal reflections, grocery shelf lighting, handheld focus, slightly tilted composition"
CannedFood_0025.png,CannedFood,0.445849746465683,0.24924057722091675,0.2609027922153473,0.008969624526798725,"realistic grocery store photo of soup and vegetable cans, natural fluorescent light, realistic packaging and shelf arrangement"
CannedFood_0026.png,CannedFood,0.46115627884864807,0.23904523253440857,0.2698076665401459,3.814697265625e-06,"realistic grocery store photo of soup and vegetable cans, natural fluorescent light, realistic packaging and shelf arrangement"
CannedFood_0027.png,CannedFood,0.404413104057312,0.2451433539390564,0.2236451655626297,0.00035985311842523515,"realistic grocery store photo of soup and vegetable cans, natural fluorescent light, realistic packaging and shelf arrangement"
CannedFood_0028.png,CannedFood,0.40973523259162903,0.23771269619464874,0.22439022362232208,0.004360198974609375,"photo of canned food aisle in supermarket, stacked cans with printed labels, realistic metal reflections, grocery shelf lighting, handheld focus, slightly tilted composition"
CannedFood_0029.png,CannedFood,0.41700124740600586,0.20048940181732178,0.21408601105213165,0.00016911824059206992,"photo of canned food aisle in supermarket, stacked cans with printed labels, realistic metal reflections, grocery shelf lighting, handheld focus, slightly tilted composition"
CannedFood_0030.png,CannedFood,0.4131522476673126,0.21288037300109863,0.21601276099681854,1.271565793103946e-06,"realistic grocery store photo of soup and vegetable cans, natural fluorescent light, realistic packaging and shelf arrangement"
CannedFood_0031.png,CannedFood,0.37696516513824463,0.21198977530002594,0.18704235553741455,5.467732626129873e-05,"photo of canned food aisle in supermarket, stacked cans with printed labels, realistic metal reflections, grocery shelf lighting, handheld focus, slightly tilted composition"
CannedFood_0032.png,CannedFood,0.42198777198791504,0.2500465214252472,0.24059683084487915,0.0025393168907612562,"realistic grocery store photo of soup and vegetable cans, natural fluorescent light, realistic packaging and shelf arrangement"
CannedFood_0033.png,CannedFood,0.37978395819664,0.21387143433094025,0.1899767965078354,0.0046450295485556126,"photo of canned food aisle in supermarket, stacked cans with printed labels, realistic metal reflections, grocery shelf lighting, handheld focus, slightly tilted composition"
CannedFood_0034.png,CannedFood,0.5077236294746399,0.23004360496997833,0.310703307390213,0.0072949728928506374,"realistic grocery store photo of soup and vegetable cans, natural fluorescent light, realistic packaging and shelf arrangement"
CannedFood_0035.png,CannedFood,0.3628033399581909,0.22699736058712006,0.18315400183200836,0.031548816710710526,"photo of canned food aisle in supermarket, stacked cans with printed labels, realistic metal reflections, grocery shelf lighting, handheld focus, slightly tilted composition"
CannedFood_0036.png,CannedFood,0.3743632137775421,0.1997537761926651,0.1800493597984314,0.00037256875657476485,"photo of canned food aisle in supermarket, stacked cans with printed labels, realistic metal reflections, grocery shelf lighting, handheld focus, slightly tilted composition"
CannedFood_0037.png,CannedFood,0.37435483932495117,0.19563911855220795,0.1784161478281021,0.00025304159498773515,"photo of canned food aisle in supermarket, stacked cans with printed labels, realistic metal reflections, grocery shelf lighting, handheld focus, slightly tilted composition"
CannedFood_0038.png,CannedFood,0.402789831161499,0.2142930030822754,0.2081611007452011,0.011051177978515625,"photo of canned food aisle in supermarket, stacked cans with printed labels, realistic metal reflections, grocery shelf lighting, handheld focus, slightly tilted composition"
CannedFood_0039.png,CannedFood,0.4140407145023346,0.2573409676551819,0.23765403032302856,0.0016771951923146844,"realistic grocery store photo of soup and vegetable cans, natural fluorescent light, realistic packaging and shelf arrangement"
CannedFood_0040.png,CannedFood,0.37451598048210144,0.1968776285648346,0.17902298271656036,0.000637054443359375,"photo of canned food aisle in supermarket, stacked cans with printed labels, realistic metal reflections, grocery shelf lighting, handheld focus, slightly tilted composition"
CannedFood_0041.png,CannedFood,0.34987398982048035,0.20997276902198792,0.16650031507015228,0.00951385498046875,"photo of canned food aisle in supermarket, stacked cans with printed labels, realistic metal reflections, grocery shelf lighting, handheld focus, slightly tilted composition"
CannedFood_0042.png,CannedFood,0.4990791082382202,0.2311398983001709,0.30250558257102966,0.009632110595703125,"realistic grocery store photo of soup and vegetable cans, natural fluorescent light, realistic packaging and shelf arrangement"
CannedFood_0043.png,CannedFood,0.4021777808666229,0.2379317432641983,0.21835839748382568,0.0069643654860556126,"realistic grocery store photo of soup and vegetable cans, natural fluorescent light, realistic packaging and shelf arrangement"
CannedFood_0044.png,CannedFood,0.3852359354496002,0.22134698927402496,0.19740118086338043,0.015750885009765625,"photo of canned food aisle in supermarket, stacked cans with printed labels, realistic metal reflections, grocery shelf lighting, handheld focus, slightly tilted composition"
CannedFood_0045.png,CannedFood,0.4105416536331177,0.22560393810272217,0.2194415181875229,3.814697265625e-06,"photo of canned food aisle in supermarket, stacked cans with printed labels, realistic metal reflections, grocery shelf lighting, handheld focus, slightly tilted composition"
CannedFood_0046.png,CannedFood,0.39327311515808105,0.23885861039161682,0.21171711385250092,0.011934916488826275,"photo of canned food aisle in supermarket, stacked cans with printed labels, realistic metal reflections, grocery shelf lighting, handheld focus, slightly tilted composition"
CannedFood_0047.png,CannedFood,0.4085160493850708,0.23287484049797058,0.22111599147319794,0.0035146076697856188,"realistic grocery store photo of soup and vegetable cans, natural fluorescent light, realistic packaging and shelf arrangement"
CannedFood_0048.png,CannedFood,0.4151860773563385,0.23659615218639374,0.22835709154605865,0.003681182861328125,"realistic grocery store photo of soup and vegetable cans, natural fluorescent light, realistic packaging and shelf arrangement"
CannedFood_0049.png,CannedFood,0.41499027609825134,0.25010618567466736,0.23476994037628174,0.0074666342698037624,"realistic grocery store photo of soup and vegetable cans, natural fluorescent light, realistic packaging and shelf arrangement"
CannedFood_0050.png,CannedFood,0.3428080379962921,0.20113682746887207,0.15797334909439087,0.0106569929048419,"photo of canned food aisle in supermarket, stacked cans with printed labels, realistic metal reflections, grocery shelf lighting, handheld focus, slightly tilted composition"
CannedFood_0051.png,CannedFood,0.36083194613456726,0.21344929933547974,0.17576025426387787,0.024623870849609375,"photo of canned food aisle in supermarket, stacked cans with printed labels, realistic metal reflections, grocery shelf lighting, handheld focus, slightly tilted composition"
CannedFood_0052.png,CannedFood,0.4406343400478363,0.23871774971485138,0.251144677400589,0.000965118408203125,"realistic grocery store photo of soup and vegetable cans, natural fluorescent light, realistic packaging and shelf arrangement"
CannedFood_0053.png,CannedFood,0.4030204117298126,0.25336310267448425,0.2266182154417038,0.0020510356407612562,"realistic grocery store photo of soup and vegetable cans, natural fluorescent light, realistic packaging and shelf arrangement"
CannedFood_0054.png,CannedFood,0.46314945816993713,0.19491156935691833,0.2524978816509247,0.0046971640549600124,"realistic grocery store photo of soup and vegetable cans, natural fluorescent light, realistic packaging and shelf arrangement"
CannedFood_0055.png,CannedFood,0.354172021150589,0.22560542821884155,0.17633555829524994,0.0020751953125,"photo of canned food aisle in supermarket, stacked cans with printed labels, realistic metal reflections, grocery shelf lighting, handheld focus, slightly tilted composition"
CannedFood_0056.png,CannedFood,0.4385353624820709,0.2377796173095703,0.24885235726833344,0.001949310302734375,"realistic grocery store photo of soup and vegetable cans, natural fluorescent light, realistic packaging and shelf arrangement"
CannedFood_0057.png,CannedFood,0.42750152945518494,0.18534158170223236,0.21710896492004395,0.00025177001953125,"realistic grocery store photo of soup and vegetable cans, natural fluorescent light, realistic packaging and shelf arrangement"
CannedFood_0058.png,CannedFood,0.4214155673980713,0.21618367731571198,0.22432641685009003,3.814697265625e-06,"realistic grocery store photo of soup and vegetable cans, natural fluorescent light, realistic packaging and shelf arrangement"
CannedFood_0059.png,CannedFood,0.3549458980560303,0.21086497604846954,0.1704505831003189,0.00034968057298101485,"photo of canned food aisle in supermarket, stacked cans with printed labels, realistic metal reflections, grocery shelf lighting, handheld focus, slightly tilted composition"
CannedFood_0060.png,CannedFood,0.35419371724128723,0.21280844509601593,0.17074055969715118,0.013478596694767475,"photo of canned food aisle in supermarket, stacked cans with printed labels, realistic metal reflections, grocery shelf lighting, handheld focus, slightly tilted composition"
CannedFood_0061.png,CannedFood,0.4821659326553345,0.24572643637657166,0.2928653657436371,0.00044504800462163985,"realistic grocery store photo of soup and vegetable cans, natural fluorescent light, realistic packaging and shelf arrangement"
CannedFood_0062.png,CannedFood,0.44723811745643616,0.24612537026405334,0.2605995535850525,0.0023256938438862562,"realistic grocery store photo of soup and vegetable cans, natural fluorescent light, realistic packaging and shelf arrangement"
CannedFood_0063.png,CannedFood,0.3868422508239746,0.22755008935928345,0.20142590999603271,0.01548004150390625,"photo of canned food aisle in supermarket, stacked cans with printed labels, realistic metal reflections, grocery shelf lighting, handheld focus, slightly tilted composition"
CannedFood_0064.png,CannedFood,0.4839710295200348,0.23174408078193665,0.28793326020240784,0.000148773193359375,"realistic grocery store photo of soup and vegetable cans, natural fluorescent light, realistic packaging and shelf arrangement"
CannedFood_0065.png,CannedFood,0.45398247241973877,0.2335696518421173,0.2606548070907593,0.0019098917255178094,"realistic grocery store photo of soup and vegetable cans, natural fluorescent light, realistic packaging and shelf arrangement"
CannedFood_0066.png,CannedFood,0.3822476863861084,0.21065658330917358,0.19048941135406494,0.001972198486328125,"photo of canned food aisle in supermarket, stacked cans with printed labels, realistic metal reflections, grocery shelf lighting, handheld focus, slightly tilted composition"
CannedFood_0067.png,CannedFood,0.377237468957901,0.2138068675994873,0.18802140653133392,0.02637481689453125,"photo of canned food aisle in supermarket, stacked cans with printed labels, realistic metal reflections, grocery shelf lighting, handheld focus, slightly tilted composition"
CannedFood_0068.png,CannedFood,0.47147059440612793,0.247565358877182,0.2835730016231537,0.0015411376953125,"realistic grocery store photo of soup and vegetable cans, natural fluorescent light, realistic packaging and shelf arrangement"
CannedFood_0069.png,CannedFood,0.3796454966068268,0.24180899560451508,0.20260222256183624,0.0109163923189044,"photo of canned food aisle in supermarket, stacked cans with printed labels, realistic metal reflections, grocery shelf lighting, handheld focus, slightly tilted composition"
CannedFood_0070.png,CannedFood,0.3388083279132843,0.1918000429868698,0.15157829225063324,0.001781463623046875,"photo of canned food aisle in supermarket, stacked cans with printed labels, realistic metal reflections, grocery shelf lighting, handheld focus, slightly tilted composition"
CannedFood_0071.png,CannedFood,0.3671586513519287,0.22469739615917206,0.18529434502124786,0.011922200210392475,"photo of canned food aisle in supermarket, stacked cans with printed labels, realistic metal reflections, grocery shelf lighting, handheld focus, slightly tilted composition"
CannedFood_0072.png,CannedFood,0.35727736353874207,0.22610217332839966,0.17876923084259033,0.0103759765625,"photo of canned food aisle in supermarket, stacked cans with printed labels, realistic metal reflections, grocery shelf lighting, handheld focus, slightly tilted composition"
CannedFood_0073.png,CannedFood,0.38804590702056885,0.19985269010066986,0.19052068889141083,0.0017217000713571906,"photo of canned food aisle in supermarket, stacked cans with printed labels, realistic metal reflections, grocery shelf lighting, handheld focus, slightly tilted composition"
CannedFood_0074.png,CannedFood,0.3597823679447174,0.25115734338760376,0.1925232857465744,0.0029436748009175062,"photo of canned food aisle in supermarket, stacked cans with printed labels, realistic metal reflections, grocery shelf lighting, handheld focus, slightly tilted composition"
CannedFood_0075.png,CannedFood,0.3505842387676239,0.18702618777751923,0.15788805484771729,0.0152346296235919,"photo of canned food aisle in supermarket, stacked cans with printed labels, realistic metal reflections, grocery shelf lighting, handheld focus, slightly tilted composition"
CannedFood_0076.png,CannedFood,0.3659246265888214,0.21256119012832642,0.17908303439617157,0.0358022041618824,"photo of canned food aisle in supermarket, stacked cans with printed labels, realistic metal reflections, grocery shelf lighting, handheld focus, slightly tilted composition"
CannedFood_0077.png,CannedFood,0.4662609100341797,0.2379102259874344,0.2740004360675812,0.0073649086989462376,"realistic grocery store photo of soup and vegetable cans, natural fluorescent light, realistic packaging and shelf arrangement"
CannedFood_0078.png,CannedFood,0.42591187357902527,0.25600889325141907,0.24694137275218964,0.00058746337890625,"realistic grocery store photo of soup and vegetable cans, natural fluorescent light, realistic packaging and shelf arrangement"
CannedFood_0079.png,CannedFood,0.40884265303611755,0.20455920696258545,0.2089967578649521,0.003208160400390625,"photo of canned food aisle in supermarket, stacked cans with printed labels, realistic metal reflections, grocery shelf lighting, handheld focus, slightly tilted composition"
CannedFood_0080.png,CannedFood,0.38082703948020935,0.2091081142425537,0.18875540792942047,0.0055084228515625,"photo of canned food aisle in supermarket, stacked cans with printed labels, realistic metal reflections, grocery shelf lighting, handheld focus, slightly tilted composition"
CannedFood_0081.png,CannedFood,0.4082643985748291,0.23639290034770966,0.22256135940551758,0.017731985077261925,"photo of canned food aisle in supermarket, stacked cans with printed labels, realistic metal reflections, grocery shelf lighting, handheld focus, slightly tilted composition"
CannedFood_0082.png,CannedFood,0.4190690517425537,0.24309830367565155,0.23471558094024658,0.0028406779747456312,"realistic grocery store photo of soup and vegetable cans, natural fluorescent light, realistic packaging and shelf arrangement"
CannedFood_0083.png,CannedFood,0.3926810920238495,0.235264390707016,0.20954768359661102,0.0012105306377634406,"realistic grocery store photo of soup and vegetable cans, natural fluorescent light, realistic packaging and shelf arrangement"
CannedFood_0084.png,CannedFood,0.402205228805542,0.22925929725170135,0.2143288254737854,0.00953801441937685,"photo of canned food aisle in supermarket, stacked cans with printed labels, realistic metal reflections, grocery shelf lighting, handheld focus, slightly tilted composition"
CannedFood_0085.png,CannedFood,0.4012252986431122,0.24520626664161682,0.22110778093338013,0.0028165180701762438,"realistic grocery store photo of soup and vegetable cans, natural fluorescent light, realistic packaging and shelf arrangement"
CannedFood_0086.png,CannedFood,0.4511580169200897,0.2450198531150818,0.2635781764984131,0.006618499755859375,"realistic grocery store photo of soup and vegetable cans, natural fluorescent light, realistic packaging and shelf arrangement"
CannedFood_0087.png,CannedFood,0.4964542090892792,0.2382567673921585,0.3032330274581909,0.0049730935133993626,"realistic grocery store photo of soup and vegetable cans, natural fluorescent light, realistic packaging and shelf arrangement"
CannedFood_0088.png,CannedFood,0.36584535241127014,0.20761922001838684,0.17694850265979767,0.013423919677734375,"photo of canned food aisle in supermarket, stacked cans with printed labels, realistic metal reflections, grocery shelf lighting, handheld focus, slightly tilted composition"
CannedFood_0089.png,CannedFood,0.38121119141578674,0.20711173117160797,0.1882171779870987,0.020056406036019325,"photo of canned food aisle in supermarket, stacked cans with printed labels, realistic metal reflections, grocery shelf lighting, handheld focus, slightly tilted composition"
CannedFood_0090.png,CannedFood,0.35576605796813965,0.21728144586086273,0.1737806349992752,0.02231852151453495,"photo of canned food aisle in supermarket, stacked cans with printed labels, realistic metal reflections, grocery shelf lighting, handheld focus, slightly tilted composition"
CannedFood_0091.png,CannedFood,0.35284411907196045,0.19329394400119781,0.16186146438121796,0.0017484029522165656,"photo of canned food aisle in supermarket, stacked cans with printed labels, realistic metal reflections, grocery shelf lighting, handheld focus, slightly tilted composition"
CannedFood_0092.png,CannedFood,0.3807118833065033,0.22417068481445312,0.19519399106502533,0.0007387797231785953,"realistic grocery store photo of soup and vegetable cans, natural fluorescent light, realistic packaging and shelf arrangement"
CannedFood_0093.png,CannedFood,0.3896476924419403,0.22046515345573425,0.20043011009693146,0.03576914593577385,"photo of canned food aisle in supermarket, stacked cans with printed labels, realistic metal reflections, grocery shelf lighting, handheld focus, slightly tilted composition"
CannedFood_0094.png,CannedFood,0.3989710509777069,0.2043636590242386,0.20094235241413116,0.00484466552734375,"photo of canned food aisle in supermarket, stacked cans with printed labels, realistic metal reflections, grocery shelf lighting, handheld focus, slightly tilted composition"
CannedFood_0095.png,CannedFood,0.3762471377849579,0.20189066231250763,0.1823216825723648,0.0018323262920603156,"photo of canned food aisle in supermarket, stacked cans with printed labels, realistic metal reflections, grocery shelf lighting, handheld focus, slightly tilted composition"
CannedFood_0096.png,CannedFood,0.3827860653400421,0.21828149259090424,0.1941719502210617,0.0008392333984375,"photo of canned food aisle in supermarket, stacked cans with printed labels, realistic metal reflections, grocery shelf lighting, handheld focus, slightly tilted composition"
CannedFood_0097.png,CannedFood,0.46609267592430115,0.2339206337928772,0.27196118235588074,0.0008405049447901547,"realistic grocery store photo of soup and vegetable cans, natural fluorescent light, realistic packaging and shelf arrangement"
CannedFood_0098.png,CannedFood,0.4631202518939972,0.23344488441944122,0.26897677779197693,0.0010388692608103156,"realistic grocery store photo of soup and vegetable cans, natural fluorescent light, realistic packaging and shelf arrangement"
CannedFood_0099.png,CannedFood,0.44853711128234863,0.22080323100090027,0.24993954598903656,0.0024706523399800062,"realistic grocery store photo of soup and vegetable cans, natural fluorescent light, realistic packaging and shelf arrangement"
